date,latitude,longitude,precip
2018-01,26.25,71.25,0
2018-01,26.25,73.75,0.009167316
2018-01,26.25,76.25,0.021961745
2018-01,26.25,78.75,0.07134632
2018-01,26.25,81.25,0.098726034
2018-01,26.25,83.75,0.07519032
2018-01,26.25,86.25,0.08981691
2018-01,26.25,88.75,0.056719914
2018-01,26.25,91.25,0.0693334
2018-01,26.25,93.75,0.33735502
2018-01,26.25,96.25,0.7386638
2018-01,26.25,98.75,0.95206046
2018-01,28.75,71.25,3.14E-05
2018-01,28.75,73.75,0.000914915
2018-01,28.75,76.25,0.096836016
2018-01,28.75,78.75,0.32345355
2018-01,28.75,81.25,0.22621605
2018-01,28.75,83.75,0.040375147
2018-01,28.75,86.25,0.2510343
2018-01,28.75,88.75,0.031808082
2018-01,28.75,91.25,0.09409017
2018-01,28.75,93.75,0.20803764
2018-01,28.75,96.25,0.25708318
2018-01,28.75,98.75,0.3373304
2018-01,31.25,71.25,0.011143612
2018-01,31.25,73.75,0.042820796
2018-01,31.25,76.25,0.37789652
2018-01,31.25,78.75,0.9533421
2018-01,31.25,81.25,0.18045841
2018-01,31.25,83.75,0.05792592
2018-01,31.25,86.25,0.025963068
2018-01,31.25,88.75,0.05855715
2018-01,31.25,91.25,0.096967414
2018-01,31.25,93.75,0.12736481
2018-01,31.25,96.25,0.07223095
2018-01,31.25,98.75,0.07743502
2018-01,33.75,71.25,0.016565742
2018-01,33.75,73.75,0.2859206
2018-01,33.75,76.25,0.08190702
2018-01,33.75,78.75,0.13319394
2018-01,33.75,81.25,0.12200011
2018-01,33.75,83.75,0.12487607
2018-01,33.75,86.25,0.06798959
2018-01,33.75,88.75,0.06799003
2018-01,33.75,91.25,0.05786878
2018-01,33.75,93.75,0.0788541
2018-01,33.75,96.25,0.10001083
2018-01,33.75,98.75,0.19055736
2018-01,36.25,71.25,0.5703109
2018-01,36.25,73.75,0.39775395
2018-01,36.25,76.25,0.36429727
2018-01,36.25,78.75,0.15608884
2018-01,36.25,81.25,0.12553802
2018-01,36.25,83.75,0.1538721
2018-01,36.25,86.25,0.07455219
2018-01,36.25,88.75,0.057749975
2018-01,36.25,91.25,0.06860148
2018-01,36.25,93.75,0.030897599
2018-01,36.25,96.25,0.042021576
2018-01,36.25,98.75,0.09473111
2018-01,38.75,71.25,0.9168845
2018-01,38.75,73.75,0.3882007
2018-01,38.75,76.25,0.20889221
2018-01,38.75,78.75,0.06819402
2018-01,38.75,81.25,0.092800304
2018-01,38.75,83.75,0.06975195
2018-01,38.75,86.25,0.0787237
2018-01,38.75,88.75,0.059926793
2018-01,38.75,91.25,0.048335765
2018-01,38.75,93.75,0.04548895
2018-01,38.75,96.25,0.0761978
2018-01,38.75,98.75,0.08295024
2018-01,41.25,71.25,0.80659556
2018-01,41.25,73.75,0.45260644
2018-01,41.25,76.25,0.24540079
2018-01,41.25,78.75,0.1720489
2018-01,41.25,81.25,0.22521889
2018-01,41.25,83.75,0.05507864
2018-01,41.25,86.25,0.063772246
2018-01,41.25,88.75,0.055219468
2018-01,41.25,91.25,0.04868297
2018-01,41.25,93.75,0.09017196
2018-01,41.25,96.25,0.09890588
2018-01,41.25,98.75,0.09669928
2018-01,43.75,71.25,0.530609
2018-01,43.75,73.75,1.1328732
2018-01,43.75,76.25,0.5408609
2018-01,43.75,78.75,0.581917
2018-01,43.75,81.25,0.49889398
2018-01,43.75,83.75,0.16908738
2018-01,43.75,86.25,0.20597127
2018-01,43.75,88.75,0.123735495
2018-01,43.75,91.25,0.07262993
2018-01,43.75,93.75,0.07605646
2018-01,43.75,96.25,0.09306976
2018-01,43.75,98.75,0.19309795
2018-01,46.25,71.25,0.21724479
2018-01,46.25,73.75,0.43050727
2018-01,46.25,76.25,0.40092796
2018-01,46.25,78.75,0.32069463
2018-01,46.25,81.25,0.2107073
2018-01,46.25,83.75,0.17995723
2018-01,46.25,86.25,0.19627184
2018-01,46.25,88.75,0.1587334
2018-01,46.25,91.25,0.11841011
2018-01,46.25,93.75,0.07358588
2018-01,46.25,96.25,0.13216434
2018-01,46.25,98.75,0.13323712
2018-01,48.75,71.25,0.56542814
2018-01,48.75,73.75,0.44510567
2018-01,48.75,76.25,0.1848616
2018-01,48.75,78.75,0.17116328
2018-01,48.75,81.25,0.02687118
2018-01,48.75,83.75,0.33156687
2018-01,48.75,86.25,0.41715902
2018-01,48.75,88.75,0.13123487
2018-01,48.75,91.25,0.076543
2018-01,48.75,93.75,0.088523716
2018-01,48.75,96.25,0.13061078
2018-01,48.75,98.75,0.29477534
2018-02,26.25,71.25,0.015616979
2018-02,26.25,73.75,0.01718075
2018-02,26.25,76.25,0.021952966
2018-02,26.25,78.75,0.15234703
2018-02,26.25,81.25,0.25770348
2018-02,26.25,83.75,0.11880848
2018-02,26.25,86.25,0.09693648
2018-02,26.25,88.75,0.33562836
2018-02,26.25,91.25,0.46708524
2018-02,26.25,93.75,0.6574747
2018-02,26.25,96.25,0.45687297
2018-02,26.25,98.75,0.7941816
2018-02,28.75,71.25,0.13700084
2018-02,28.75,73.75,0.09413436
2018-02,28.75,76.25,0.08628519
2018-02,28.75,78.75,0.27948135
2018-02,28.75,81.25,0.36875156
2018-02,28.75,83.75,0.36083537
2018-02,28.75,86.25,0.5423356
2018-02,28.75,88.75,0.24825408
2018-02,28.75,91.25,0.22474608
2018-02,28.75,93.75,0.6649613
2018-02,28.75,96.25,0.67916054
2018-02,28.75,98.75,0.5692779
2018-02,31.25,71.25,0.56124437
2018-02,31.25,73.75,0.46422452
2018-02,31.25,76.25,1.2422961
2018-02,31.25,78.75,1.3370045
2018-02,31.25,81.25,0.43828648
2018-02,31.25,83.75,0.1611186
2018-02,31.25,86.25,0.13936855
2018-02,31.25,88.75,0.13909651
2018-02,31.25,91.25,0.16870996
2018-02,31.25,93.75,0.5192408
2018-02,31.25,96.25,0.39057565
2018-02,31.25,98.75,0.43014723
2018-02,33.75,71.25,1.6770625
2018-02,33.75,73.75,1.6569514
2018-02,33.75,76.25,0.8519336
2018-02,33.75,78.75,0.4174747
2018-02,33.75,81.25,0.24509345
2018-02,33.75,83.75,0.18399018
2018-02,33.75,86.25,0.1363128
2018-02,33.75,88.75,0.14371349
2018-02,33.75,91.25,0.10203173
2018-02,33.75,93.75,0.21339819
2018-02,33.75,96.25,0.23125145
2018-02,33.75,98.75,0.34329724
2018-02,36.25,71.25,1.9312732
2018-02,36.25,73.75,0.97001404
2018-02,36.25,76.25,0.62252283
2018-02,36.25,78.75,0.24102929
2018-02,36.25,81.25,0.21599853
2018-02,36.25,83.75,0.17967695
2018-02,36.25,86.25,0.081722744
2018-02,36.25,88.75,0.067226365
2018-02,36.25,91.25,0.0631496
2018-02,36.25,93.75,0.048194923
2018-02,36.25,96.25,0.062249273
2018-02,36.25,98.75,0.09565626
2018-02,38.75,71.25,1.9415859
2018-02,38.75,73.75,0.5341991
2018-02,38.75,76.25,0.21344416
2018-02,38.75,78.75,0.077233166
2018-02,38.75,81.25,0.09422256
2018-02,38.75,83.75,0.05449704
2018-02,38.75,86.25,0.058725722
2018-02,38.75,88.75,0.074810445
2018-02,38.75,91.25,0.04447966
2018-02,38.75,93.75,0.029542452
2018-02,38.75,96.25,0.077617355
2018-02,38.75,98.75,0.10004363
2018-02,41.25,71.25,1.4880033
2018-02,41.25,73.75,0.8344754
2018-02,41.25,76.25,0.6431755
2018-02,41.25,78.75,0.4613449
2018-02,41.25,81.25,0.2516327
2018-02,41.25,83.75,0.14656147
2018-02,41.25,86.25,0.027944019
2018-02,41.25,88.75,0.030882401
2018-02,41.25,91.25,0.015070191
2018-02,41.25,93.75,0.033051975
2018-02,41.25,96.25,0.114085495
2018-02,41.25,98.75,0.105265036
2018-02,43.75,71.25,0.93446374
2018-02,43.75,73.75,1.2735536
2018-02,43.75,76.25,1.0521694
2018-02,43.75,78.75,0.63317233
2018-02,43.75,81.25,0.35409266
2018-02,43.75,83.75,0.2039706
2018-02,43.75,86.25,0.18195426
2018-02,43.75,88.75,0.07091618
2018-02,43.75,91.25,0.07330256
2018-02,43.75,93.75,0.039932173
2018-02,43.75,96.25,0.02270861
2018-02,43.75,98.75,0.007002287
2018-02,46.25,71.25,1.7067313
2018-02,46.25,73.75,2.281701
2018-02,46.25,76.25,1.2394094
2018-02,46.25,78.75,0.5450065
2018-02,46.25,81.25,0.89047176
2018-02,46.25,83.75,0.41334468
2018-02,46.25,86.25,0.1998635
2018-02,46.25,88.75,0.3960545
2018-02,46.25,91.25,0.18813844
2018-02,46.25,93.75,0.05707614
2018-02,46.25,96.25,0.03198249
2018-02,46.25,98.75,0.012047584
2018-02,48.75,71.25,0.90535045
2018-02,48.75,73.75,1.0962524
2018-02,48.75,76.25,0.6953424
2018-02,48.75,78.75,0.360095
2018-02,48.75,81.25,0.8197572
2018-02,48.75,83.75,1.002741
2018-02,48.75,86.25,0.6715042
2018-02,48.75,88.75,0.20808944
2018-02,48.75,91.25,0.05748506
2018-02,48.75,93.75,0.09462569
2018-02,48.75,96.25,0.10814209
2018-02,48.75,98.75,0.09182811
2018-03,26.25,71.25,0.010718642
2018-03,26.25,73.75,0.012843465
2018-03,26.25,76.25,0.015424155
2018-03,26.25,78.75,0.016398381
2018-03,26.25,81.25,0.012137407
2018-03,26.25,83.75,0.13204372
2018-03,26.25,86.25,0.2396923
2018-03,26.25,88.75,1.2283958
2018-03,26.25,91.25,1.9502726
2018-03,26.25,93.75,2.2034235
2018-03,26.25,96.25,1.4533325
2018-03,26.25,98.75,1.2109281
2018-03,28.75,71.25,0.14267282
2018-03,28.75,73.75,0.043087587
2018-03,28.75,76.25,0.00801855
2018-03,28.75,78.75,0.107298814
2018-03,28.75,81.25,0.40566593
2018-03,28.75,83.75,0.64665073
2018-03,28.75,86.25,0.8149073
2018-03,28.75,88.75,0.73807764
2018-03,28.75,91.25,0.93470114
2018-03,28.75,93.75,1.645258
2018-03,28.75,96.25,2.2864463
2018-03,28.75,98.75,1.2409151
2018-03,31.25,71.25,1.4175107
2018-03,31.25,73.75,0.4594621
2018-03,31.25,76.25,0.47925556
2018-03,31.25,78.75,1.2210311
2018-03,31.25,81.25,0.50636274
2018-03,31.25,83.75,0.2480068
2018-03,31.25,86.25,0.2974661
2018-03,31.25,88.75,0.40745398
2018-03,31.25,91.25,0.6254295
2018-03,31.25,93.75,1.1616457
2018-03,31.25,96.25,1.130451
2018-03,31.25,98.75,1.0036917
2018-03,33.75,71.25,2.3063703
2018-03,33.75,73.75,1.8674
2018-03,33.75,76.25,0.33243385
2018-03,33.75,78.75,0.24256665
2018-03,33.75,81.25,0.29031777
2018-03,33.75,83.75,0.28762278
2018-03,33.75,86.25,0.24334505
2018-03,33.75,88.75,0.32666075
2018-03,33.75,91.25,0.36357006
2018-03,33.75,93.75,0.6837957
2018-03,33.75,96.25,0.64827585
2018-03,33.75,98.75,0.83563304
2018-03,36.25,71.25,2.2556486
2018-03,36.25,73.75,1.4997985
2018-03,36.25,76.25,0.7932817
2018-03,36.25,78.75,0.20867611
2018-03,36.25,81.25,0.14369552
2018-03,36.25,83.75,0.16327013
2018-03,36.25,86.25,0.12318336
2018-03,36.25,88.75,0.10664353
2018-03,36.25,91.25,0.14843535
2018-03,36.25,93.75,0.1263103
2018-03,36.25,96.25,0.17325085
2018-03,36.25,98.75,0.24194826
2018-03,38.75,71.25,2.5996518
2018-03,38.75,73.75,0.6321242
2018-03,38.75,76.25,0.30163527
2018-03,38.75,78.75,0.11396632
2018-03,38.75,81.25,0.08322731
2018-03,38.75,83.75,0.04763472
2018-03,38.75,86.25,0.06167002
2018-03,38.75,88.75,0.047639757
2018-03,38.75,91.25,0.040833253
2018-03,38.75,93.75,0.033802405
2018-03,38.75,96.25,0.06363666
2018-03,38.75,98.75,0.11725204
2018-03,41.25,71.25,2.7791831
2018-03,41.25,73.75,1.9801134
2018-03,41.25,76.25,0.7691121
2018-03,41.25,78.75,0.37613568
2018-03,41.25,81.25,0.25715753
2018-03,41.25,83.75,0.12979864
2018-03,41.25,86.25,0.14902455
2018-03,41.25,88.75,0.07159278
2018-03,41.25,91.25,0.062229306
2018-03,41.25,93.75,0.053541433
2018-03,41.25,96.25,0.0123008
2018-03,41.25,98.75,0.016516646
2018-03,43.75,71.25,1.8446923
2018-03,43.75,73.75,2.5554738
2018-03,43.75,76.25,1.8230652
2018-03,43.75,78.75,1.4206059
2018-03,43.75,81.25,0.7874898
2018-03,43.75,83.75,0.56190014
2018-03,43.75,86.25,0.6923136
2018-03,43.75,88.75,0.5020408
2018-03,43.75,91.25,0.29039595
2018-03,43.75,93.75,0.17986734
2018-03,43.75,96.25,0.08429815
2018-03,43.75,98.75,0.0709878
2018-03,46.25,71.25,2.2456245
2018-03,46.25,73.75,2.333342
2018-03,46.25,76.25,1.7709776
2018-03,46.25,78.75,1.7663392
2018-03,46.25,81.25,2.3542414
2018-03,46.25,83.75,1.3332632
2018-03,46.25,86.25,0.62732625
2018-03,46.25,88.75,1.1632216
2018-03,46.25,91.25,0.8186471
2018-03,46.25,93.75,0.17393287
2018-03,46.25,96.25,0.13557543
2018-03,46.25,98.75,0.15761814
2018-03,48.75,71.25,2.1030285
2018-03,48.75,73.75,2.4899478
2018-03,48.75,76.25,1.3661106
2018-03,48.75,78.75,2.162241
2018-03,48.75,81.25,3.2874253
2018-03,48.75,83.75,3.6745496
2018-03,48.75,86.25,2.995524
2018-03,48.75,88.75,0.7973724
2018-03,48.75,91.25,0.28539497
2018-03,48.75,93.75,0.21829696
2018-03,48.75,96.25,0.1710558
2018-03,48.75,98.75,0.15835428
2018-04,26.25,71.25,0.04695081
2018-04,26.25,73.75,0.045313805
2018-04,26.25,76.25,0.38875467
2018-04,26.25,78.75,0.6825686
2018-04,26.25,81.25,0.58284694
2018-04,26.25,83.75,0.76895416
2018-04,26.25,86.25,2.0728638
2018-04,26.25,88.75,5.113481
2018-04,26.25,91.25,5.4800124
2018-04,26.25,93.75,3.9092462
2018-04,26.25,96.25,2.2306023
2018-04,26.25,98.75,1.4794047
2018-04,28.75,71.25,0.3994629
2018-04,28.75,73.75,0.3236329
2018-04,28.75,76.25,0.54760814
2018-04,28.75,78.75,0.9995482
2018-04,28.75,81.25,1.8290648
2018-04,28.75,83.75,2.1526382
2018-04,28.75,86.25,1.6411862
2018-04,28.75,88.75,1.3240857
2018-04,28.75,91.25,1.5560547
2018-04,28.75,93.75,2.411365
2018-04,28.75,96.25,2.224441
2018-04,28.75,98.75,1.3518445
2018-04,31.25,71.25,1.4638336
2018-04,31.25,73.75,0.91445154
2018-04,31.25,76.25,1.3000219
2018-04,31.25,78.75,1.6408997
2018-04,31.25,81.25,0.7605419
2018-04,31.25,83.75,0.56445384
2018-04,31.25,86.25,0.41828454
2018-04,31.25,88.75,0.42762238
2018-04,31.25,91.25,0.795735
2018-04,31.25,93.75,1.4661605
2018-04,31.25,96.25,1.2104697
2018-04,31.25,98.75,1.3497735
2018-04,33.75,71.25,3.1314373
2018-04,33.75,73.75,3.6424718
2018-04,33.75,76.25,2.0662189
2018-04,33.75,78.75,0.421677
2018-04,33.75,81.25,0.2917894
2018-04,33.75,83.75,0.280252
2018-04,33.75,86.25,0.2644621
2018-04,33.75,88.75,0.3633763
2018-04,33.75,91.25,0.47747263
2018-04,33.75,93.75,0.65496135
2018-04,33.75,96.25,0.7667079
2018-04,33.75,98.75,1.4271536
2018-04,36.25,71.25,3.3137736
2018-04,36.25,73.75,2.3375907
2018-04,36.25,76.25,1.4637376
2018-04,36.25,78.75,0.32981893
2018-04,36.25,81.25,0.15814675
2018-04,36.25,83.75,0.1691017
2018-04,36.25,86.25,0.1816344
2018-04,36.25,88.75,0.19359134
2018-04,36.25,91.25,0.19921954
2018-04,36.25,93.75,0.24221292
2018-04,36.25,96.25,0.3698997
2018-04,36.25,98.75,0.6975804
2018-04,38.75,71.25,2.1075993
2018-04,38.75,73.75,0.74616057
2018-04,38.75,76.25,0.40627432
2018-04,38.75,78.75,0.26693815
2018-04,38.75,81.25,0.13920227
2018-04,38.75,83.75,0.100685894
2018-04,38.75,86.25,0.13595496
2018-04,38.75,88.75,0.11417994
2018-04,38.75,91.25,0.09070345
2018-04,38.75,93.75,0.093921565
2018-04,38.75,96.25,0.23471093
2018-04,38.75,98.75,0.4234479
2018-04,41.25,71.25,2.0351431
2018-04,41.25,73.75,1.9626578
2018-04,41.25,76.25,0.73738956
2018-04,41.25,78.75,0.8632019
2018-04,41.25,81.25,0.42359224
2018-04,41.25,83.75,0.05724521
2018-04,41.25,86.25,0.052391313
2018-04,41.25,88.75,0.044139158
2018-04,41.25,91.25,0.010196732
2018-04,41.25,93.75,0.03421688
2018-04,41.25,96.25,0.040797558
2018-04,41.25,98.75,0.025479285
2018-04,43.75,71.25,0.84331584
2018-04,43.75,73.75,1.4868263
2018-04,43.75,76.25,0.993626
2018-04,43.75,78.75,1.0824791
2018-04,43.75,81.25,1.0199332
2018-04,43.75,83.75,0.5337283
2018-04,43.75,86.25,0.81751233
2018-04,43.75,88.75,0.72280335
2018-04,43.75,91.25,0.31622848
2018-04,43.75,93.75,0.20115395
2018-04,43.75,96.25,0.030044323
2018-04,43.75,98.75,0.076769605
2018-04,46.25,71.25,1.4293954
2018-04,46.25,73.75,1.4505178
2018-04,46.25,76.25,0.7588147
2018-04,46.25,78.75,0.65710986
2018-04,46.25,81.25,1.138126
2018-04,46.25,83.75,0.7332218
2018-04,46.25,86.25,0.5298282
2018-04,46.25,88.75,0.49919075
2018-04,46.25,91.25,0.28335327
2018-04,46.25,93.75,0.2056173
2018-04,46.25,96.25,0.31925875
2018-04,46.25,98.75,0.29980034
2018-04,48.75,71.25,1.732285
2018-04,48.75,73.75,1.3879994
2018-04,48.75,76.25,0.76894915
2018-04,48.75,78.75,0.91098726
2018-04,48.75,81.25,1.3572398
2018-04,48.75,83.75,1.4303695
2018-04,48.75,86.25,1.1629052
2018-04,48.75,88.75,0.2891898
2018-04,48.75,91.25,0.14956765
2018-04,48.75,93.75,0.31062394
2018-04,48.75,96.25,0.4233876
2018-04,48.75,98.75,0.46959287
2018-05,26.25,71.25,0.038907826
2018-05,26.25,73.75,0.10300336
2018-05,26.25,76.25,0.14994253
2018-05,26.25,78.75,0.4095263
2018-05,26.25,81.25,0.7511067
2018-05,26.25,83.75,1.3646008
2018-05,26.25,86.25,2.7554662
2018-05,26.25,88.75,8.8065195
2018-05,26.25,91.25,10.533083
2018-05,26.25,93.75,8.266852
2018-05,26.25,96.25,7.3145456
2018-05,26.25,98.75,3.2182508
2018-05,28.75,71.25,0.42391744
2018-05,28.75,73.75,0.23841164
2018-05,28.75,76.25,0.51186526
2018-05,28.75,78.75,0.33489263
2018-05,28.75,81.25,1.8567264
2018-05,28.75,83.75,3.3037212
2018-05,28.75,86.25,1.8955749
2018-05,28.75,88.75,1.9553752
2018-05,28.75,91.25,2.4529662
2018-05,28.75,93.75,4.221622
2018-05,28.75,96.25,4.168222
2018-05,28.75,98.75,2.6533213
2018-05,31.25,71.25,1.7739624
2018-05,31.25,73.75,0.9047934
2018-05,31.25,76.25,0.90040994
2018-05,31.25,78.75,1.3173935
2018-05,31.25,81.25,0.6331874
2018-05,31.25,83.75,0.72337127
2018-05,31.25,86.25,0.52622145
2018-05,31.25,88.75,0.5644881
2018-05,31.25,91.25,1.2045679
2018-05,31.25,93.75,2.8606594
2018-05,31.25,96.25,2.4431791
2018-05,31.25,98.75,3.2266312
2018-05,33.75,71.25,3.6205158
2018-05,33.75,73.75,2.467651
2018-05,33.75,76.25,1.4136043
2018-05,33.75,78.75,0.60838234
2018-05,33.75,81.25,0.56873184
2018-05,33.75,83.75,0.42099103
2018-05,33.75,86.25,0.2252576
2018-05,33.75,88.75,0.45709822
2018-05,33.75,91.25,0.60975087
2018-05,33.75,93.75,1.0321423
2018-05,33.75,96.25,1.4369957
2018-05,33.75,98.75,2.2448828
2018-05,36.25,71.25,3.0210156
2018-05,36.25,73.75,2.4163926
2018-05,36.25,76.25,1.4588903
2018-05,36.25,78.75,1.040298
2018-05,36.25,81.25,0.41225153
2018-05,36.25,83.75,0.26274902
2018-05,36.25,86.25,0.16954875
2018-05,36.25,88.75,0.3204102
2018-05,36.25,91.25,0.40948266
2018-05,36.25,93.75,0.41699797
2018-05,36.25,96.25,0.62276644
2018-05,36.25,98.75,1.4306349
2018-05,38.75,71.25,2.555624
2018-05,38.75,73.75,1.8873138
2018-05,38.75,76.25,1.6099329
2018-05,38.75,78.75,1.141467
2018-05,38.75,81.25,0.4597558
2018-05,38.75,83.75,0.1776282
2018-05,38.75,86.25,0.14671117
2018-05,38.75,88.75,0.20241739
2018-05,38.75,91.25,0.20441048
2018-05,38.75,93.75,0.24829496
2018-05,38.75,96.25,0.43264174
2018-05,38.75,98.75,0.830825
2018-05,41.25,71.25,2.0991287
2018-05,41.25,73.75,2.9028707
2018-05,41.25,76.25,1.5414618
2018-05,41.25,78.75,1.2547634
2018-05,41.25,81.25,0.5750107
2018-05,41.25,83.75,0.27552325
2018-05,41.25,86.25,0.20300949
2018-05,41.25,88.75,0.18961902
2018-05,41.25,91.25,0.05971787
2018-05,41.25,93.75,0.070144795
2018-05,41.25,96.25,0.035717666
2018-05,41.25,98.75,0.08063705
2018-05,43.75,71.25,0.3978941
2018-05,43.75,73.75,0.8192547
2018-05,43.75,76.25,0.80566573
2018-05,43.75,78.75,0.9161286
2018-05,43.75,81.25,1.2027345
2018-05,43.75,83.75,0.49414906
2018-05,43.75,86.25,1.0151292
2018-05,43.75,88.75,0.734331
2018-05,43.75,91.25,0.31695598
2018-05,43.75,93.75,0.2522124
2018-05,43.75,96.25,0.024177182
2018-05,43.75,98.75,0.03686826
2018-05,46.25,71.25,0.5804944
2018-05,46.25,73.75,0.687611
2018-05,46.25,76.25,0.34251156
2018-05,46.25,78.75,0.21355887
2018-05,46.25,81.25,0.76509
2018-05,46.25,83.75,0.98855895
2018-05,46.25,86.25,1.0103372
2018-05,46.25,88.75,0.73401
2018-05,46.25,91.25,0.28841573
2018-05,46.25,93.75,0.1818228
2018-05,46.25,96.25,0.24048045
2018-05,46.25,98.75,0.09940485
2018-05,48.75,71.25,0.7093049
2018-05,48.75,73.75,0.84439456
2018-05,48.75,76.25,0.62740415
2018-05,48.75,78.75,1.023678
2018-05,48.75,81.25,1.5139654
2018-05,48.75,83.75,1.6957918
2018-05,48.75,86.25,2.0726395
2018-05,48.75,88.75,0.7911373
2018-05,48.75,91.25,0.13277614
2018-05,48.75,93.75,0.27042538
2018-05,48.75,96.25,0.26640123
2018-05,48.75,98.75,0.3726674
2018-06,26.25,71.25,1.8837632
2018-06,26.25,73.75,1.863306
2018-06,26.25,76.25,2.5001936
2018-06,26.25,78.75,1.7419394
2018-06,26.25,81.25,2.1284227
2018-06,26.25,83.75,3.954829
2018-06,26.25,86.25,4.3129683
2018-06,26.25,88.75,11.888292
2018-06,26.25,91.25,13.849261
2018-06,26.25,93.75,13.396348
2018-06,26.25,96.25,18.52255
2018-06,26.25,98.75,9.190506
2018-06,28.75,71.25,1.0953462
2018-06,28.75,73.75,2.3834984
2018-06,28.75,76.25,2.4727113
2018-06,28.75,78.75,2.5691385
2018-06,28.75,81.25,3.6475787
2018-06,28.75,83.75,2.8292873
2018-06,28.75,86.25,2.4227352
2018-06,28.75,88.75,2.0934303
2018-06,28.75,91.25,3.2337615
2018-06,28.75,93.75,5.59735
2018-06,28.75,96.25,5.882059
2018-06,28.75,98.75,5.33282
2018-06,31.25,71.25,1.7912083
2018-06,31.25,73.75,3.231863
2018-06,31.25,76.25,3.803084
2018-06,31.25,78.75,3.0637417
2018-06,31.25,81.25,1.5013494
2018-06,31.25,83.75,1.8711606
2018-06,31.25,86.25,2.3997152
2018-06,31.25,88.75,2.1890614
2018-06,31.25,91.25,3.6439896
2018-06,31.25,93.75,4.7236805
2018-06,31.25,96.25,4.5529914
2018-06,31.25,98.75,6.235029
2018-06,33.75,71.25,1.0214584
2018-06,33.75,73.75,2.6014209
2018-06,33.75,76.25,2.4849005
2018-06,33.75,78.75,0.6368554
2018-06,33.75,81.25,0.30822936
2018-06,33.75,83.75,0.57243276
2018-06,33.75,86.25,0.6227464
2018-06,33.75,88.75,0.9559121
2018-06,33.75,91.25,1.9448617
2018-06,33.75,93.75,3.1919665
2018-06,33.75,96.25,4.250737
2018-06,33.75,98.75,4.616235
2018-06,36.25,71.25,0.6205001
2018-06,36.25,73.75,1.0740008
2018-06,36.25,76.25,0.7346872
2018-06,36.25,78.75,0.36487952
2018-06,36.25,81.25,0.24033459
2018-06,36.25,83.75,0.23915362
2018-06,36.25,86.25,0.5730697
2018-06,36.25,88.75,0.708391
2018-06,36.25,91.25,0.733062
2018-06,36.25,93.75,1.1413758
2018-06,36.25,96.25,1.376975
2018-06,36.25,98.75,2.3755932
2018-06,38.75,71.25,0.9918612
2018-06,38.75,73.75,0.82489777
2018-06,38.75,76.25,1.1610953
2018-06,38.75,78.75,0.844444
2018-06,38.75,81.25,0.91847014
2018-06,38.75,83.75,0.5157299
2018-06,38.75,86.25,0.4815876
2018-06,38.75,88.75,0.38989148
2018-06,38.75,91.25,0.33456272
2018-06,38.75,93.75,0.4769675
2018-06,38.75,96.25,0.987189
2018-06,38.75,98.75,1.50423
2018-06,41.25,71.25,1.5533764
2018-06,41.25,73.75,1.9700669
2018-06,41.25,76.25,1.6544293
2018-06,41.25,78.75,1.9557155
2018-06,41.25,81.25,1.4132875
2018-06,41.25,83.75,0.97533286
2018-06,41.25,86.25,0.59840465
2018-06,41.25,88.75,0.24513546
2018-06,41.25,91.25,0.14856003
2018-06,41.25,93.75,0.5845262
2018-06,41.25,96.25,0.7287049
2018-06,41.25,98.75,0.2895507
2018-06,43.75,71.25,0.46148825
2018-06,43.75,73.75,0.7721237
2018-06,43.75,76.25,0.8243741
2018-06,43.75,78.75,1.7751732
2018-06,43.75,81.25,1.9407661
2018-06,43.75,83.75,1.6683787
2018-06,43.75,86.25,1.0743972
2018-06,43.75,88.75,0.20814785
2018-06,43.75,91.25,0.2474764
2018-06,43.75,93.75,0.7018929
2018-06,43.75,96.25,0.5828186
2018-06,43.75,98.75,0.15302576
2018-06,46.25,71.25,0.98302484
2018-06,46.25,73.75,1.4243681
2018-06,46.25,76.25,0.8062552
2018-06,46.25,78.75,1.2921258
2018-06,46.25,81.25,0.77951425
2018-06,46.25,83.75,0.64523184
2018-06,46.25,86.25,0.5266338
2018-06,46.25,88.75,0.34826547
2018-06,46.25,91.25,0.7029465
2018-06,46.25,93.75,0.80592847
2018-06,46.25,96.25,0.50540555
2018-06,46.25,98.75,0.4569183
2018-06,48.75,71.25,1.5780693
2018-06,48.75,73.75,1.4611349
2018-06,48.75,76.25,1.108109
2018-06,48.75,78.75,0.9670355
2018-06,48.75,81.25,0.6927895
2018-06,48.75,83.75,0.47567102
2018-06,48.75,86.25,0.7169033
2018-06,48.75,88.75,0.57435787
2018-06,48.75,91.25,0.4438195
2018-06,48.75,93.75,0.5596961
2018-06,48.75,96.25,0.60822123
2018-06,48.75,98.75,0.9251778
2018-07,26.25,71.25,2.1976826
2018-07,26.25,73.75,6.3959823
2018-07,26.25,76.25,10.400903
2018-07,26.25,78.75,13.054403
2018-07,26.25,81.25,12.136344
2018-07,26.25,83.75,8.493465
2018-07,26.25,86.25,7.711371
2018-07,26.25,88.75,10.179243
2018-07,26.25,91.25,11.896333
2018-07,26.25,93.75,12.124891
2018-07,26.25,96.25,16.488602
2018-07,26.25,98.75,9.812373
2018-07,28.75,71.25,2.3655567
2018-07,28.75,73.75,5.1916428
2018-07,28.75,76.25,7.296241
2018-07,28.75,78.75,12.854012
2018-07,28.75,81.25,9.773541
2018-07,28.75,83.75,7.9186993
2018-07,28.75,86.25,8.514256
2018-07,28.75,88.75,6.373602
2018-07,28.75,91.25,6.1430607
2018-07,28.75,93.75,8.459787
2018-07,28.75,96.25,7.350345
2018-07,28.75,98.75,9.211603
2018-07,31.25,71.25,2.8468142
2018-07,31.25,73.75,5.907708
2018-07,31.25,76.25,9.102532
2018-07,31.25,78.75,6.2353497
2018-07,31.25,81.25,4.105616
2018-07,31.25,83.75,5.3699226
2018-07,31.25,86.25,4.915458
2018-07,31.25,88.75,4.317935
2018-07,31.25,91.25,5.2557635
2018-07,31.25,93.75,6.023134
2018-07,31.25,96.25,6.486917
2018-07,31.25,98.75,8.949956
2018-07,33.75,71.25,3.5434995
2018-07,33.75,73.75,7.827838
2018-07,33.75,76.25,2.6657207
2018-07,33.75,78.75,1.4995357
2018-07,33.75,81.25,2.5865395
2018-07,33.75,83.75,3.2333088
2018-07,33.75,86.25,2.85423
2018-07,33.75,88.75,2.746477
2018-07,33.75,91.25,3.0149102
2018-07,33.75,93.75,2.9760365
2018-07,33.75,96.25,3.6506748
2018-07,33.75,98.75,4.563633
2018-07,36.25,71.25,0.7459831
2018-07,36.25,73.75,1.5230103
2018-07,36.25,76.25,1.1096995
2018-07,36.25,78.75,0.6563922
2018-07,36.25,81.25,0.42992964
2018-07,36.25,83.75,0.6149357
2018-07,36.25,86.25,0.8627315
2018-07,36.25,88.75,1.0995431
2018-07,36.25,91.25,1.2773223
2018-07,36.25,93.75,1.5045139
2018-07,36.25,96.25,1.4448274
2018-07,36.25,98.75,2.2056198
2018-07,38.75,71.25,0.5780332
2018-07,38.75,73.75,0.8499991
2018-07,38.75,76.25,1.0356176
2018-07,38.75,78.75,0.9672756
2018-07,38.75,81.25,0.7557443
2018-07,38.75,83.75,0.29156685
2018-07,38.75,86.25,0.2893238
2018-07,38.75,88.75,0.39873004
2018-07,38.75,91.25,0.36135113
2018-07,38.75,93.75,0.44833106
2018-07,38.75,96.25,1.1754243
2018-07,38.75,98.75,1.8925574
2018-07,41.25,71.25,0.40889743
2018-07,41.25,73.75,0.9617734
2018-07,41.25,76.25,1.0551319
2018-07,41.25,78.75,1.2882185
2018-07,41.25,81.25,0.8365544
2018-07,41.25,83.75,0.4235273
2018-07,41.25,86.25,0.1870076
2018-07,41.25,88.75,0.27405658
2018-07,41.25,91.25,0.20312434
2018-07,41.25,93.75,0.47887763
2018-07,41.25,96.25,0.85912967
2018-07,41.25,98.75,0.7885309
2018-07,43.75,71.25,0.099446096
2018-07,43.75,73.75,0.645784
2018-07,43.75,76.25,1.2227134
2018-07,43.75,78.75,1.9354116
2018-07,43.75,81.25,1.6588941
2018-07,43.75,83.75,1.33976
2018-07,43.75,86.25,1.1794658
2018-07,43.75,88.75,0.40773845
2018-07,43.75,91.25,0.49111196
2018-07,43.75,93.75,1.0962112
2018-07,43.75,96.25,1.0748097
2018-07,43.75,98.75,1.1678412
2018-07,46.25,71.25,0.29263908
2018-07,46.25,73.75,0.49882084
2018-07,46.25,76.25,0.49158818
2018-07,46.25,78.75,0.860818
2018-07,46.25,81.25,0.9570841
2018-07,46.25,83.75,0.7609945
2018-07,46.25,86.25,1.2186878
2018-07,46.25,88.75,0.7472583
2018-07,46.25,91.25,0.88929415
2018-07,46.25,93.75,1.5132003
2018-07,46.25,96.25,1.9009023
2018-07,46.25,98.75,2.1473615
2018-07,48.75,71.25,0.76764566
2018-07,48.75,73.75,0.897177
2018-07,48.75,76.25,1.3244612
2018-07,48.75,78.75,1.4301965
2018-07,48.75,81.25,1.2306099
2018-07,48.75,83.75,0.95580983
2018-07,48.75,86.25,1.7847548
2018-07,48.75,88.75,1.6742358
2018-07,48.75,91.25,1.6855677
2018-07,48.75,93.75,1.4538985
2018-07,48.75,96.25,2.282772
2018-07,48.75,98.75,2.8051445
2018-08,26.25,71.25,1.5769514
2018-08,26.25,73.75,3.2188993
2018-08,26.25,76.25,6.5240164
2018-08,26.25,78.75,10.105
2018-08,26.25,81.25,11.864884
2018-08,26.25,83.75,8.824577
2018-08,26.25,86.25,6.504559
2018-08,26.25,88.75,10.067595
2018-08,26.25,91.25,10.131447
2018-08,26.25,93.75,10.9416065
2018-08,26.25,96.25,16.077772
2018-08,26.25,98.75,9.173842
2018-08,28.75,71.25,0.9429314
2018-08,28.75,73.75,1.7996083
2018-08,28.75,76.25,3.9819913
2018-08,28.75,78.75,8.979951
2018-08,28.75,81.25,10.5242
2018-08,28.75,83.75,7.9177656
2018-08,28.75,86.25,6.866582
2018-08,28.75,88.75,6.141942
2018-08,28.75,91.25,5.1863008
2018-08,28.75,93.75,6.483673
2018-08,28.75,96.25,7.7659025
2018-08,28.75,98.75,7.03333
2018-08,31.25,71.25,0.5321366
2018-08,31.25,73.75,1.4081697
2018-08,31.25,76.25,6.9766884
2018-08,31.25,78.75,7.4134693
2018-08,31.25,81.25,6.496666
2018-08,31.25,83.75,5.6347165
2018-08,31.25,86.25,4.286124
2018-08,31.25,88.75,3.9095833
2018-08,31.25,91.25,4.1834
2018-08,31.25,93.75,4.838006
2018-08,31.25,96.25,6.136337
2018-08,31.25,98.75,6.271309
2018-08,33.75,71.25,1.367381
2018-08,33.75,73.75,5.439603
2018-08,33.75,76.25,3.1020486
2018-08,33.75,78.75,2.2082107
2018-08,33.75,81.25,2.897192
2018-08,33.75,83.75,2.7448473
2018-08,33.75,86.25,2.4313533
2018-08,33.75,88.75,2.5184946
2018-08,33.75,91.25,3.102353
2018-08,33.75,93.75,3.6815882
2018-08,33.75,96.25,4.1423144
2018-08,33.75,98.75,4.834984
2018-08,36.25,71.25,0.4085678
2018-08,36.25,73.75,0.49588612
2018-08,36.25,76.25,0.38799188
2018-08,36.25,78.75,0.343082
2018-08,36.25,81.25,0.35572127
2018-08,36.25,83.75,0.69390565
2018-08,36.25,86.25,0.71408683
2018-08,36.25,88.75,0.8641032
2018-08,36.25,91.25,1.2194806
2018-08,36.25,93.75,1.3616298
2018-08,36.25,96.25,1.3510654
2018-08,36.25,98.75,2.626892
2018-08,38.75,71.25,0.36716378
2018-08,38.75,73.75,0.7167075
2018-08,38.75,76.25,0.90180033
2018-08,38.75,78.75,0.59647036
2018-08,38.75,81.25,0.51593107
2018-08,38.75,83.75,0.2926253
2018-08,38.75,86.25,0.53277564
2018-08,38.75,88.75,0.62774414
2018-08,38.75,91.25,0.6215018
2018-08,38.75,93.75,0.54398793
2018-08,38.75,96.25,0.9795567
2018-08,38.75,98.75,1.7449577
2018-08,41.25,71.25,0.27792913
2018-08,41.25,73.75,0.84141636
2018-08,41.25,76.25,1.0693201
2018-08,41.25,78.75,1.494003
2018-08,41.25,81.25,1.1965058
2018-08,41.25,83.75,0.8872006
2018-08,41.25,86.25,0.5516795
2018-08,41.25,88.75,0.4362778
2018-08,41.25,91.25,0.31263953
2018-08,41.25,93.75,0.4092921
2018-08,41.25,96.25,0.8409636
2018-08,41.25,98.75,1.4385767
2018-08,43.75,71.25,0.13900901
2018-08,43.75,73.75,0.38375852
2018-08,43.75,76.25,0.59231806
2018-08,43.75,78.75,1.293308
2018-08,43.75,81.25,1.564518
2018-08,43.75,83.75,1.7165565
2018-08,43.75,86.25,1.6346414
2018-08,43.75,88.75,1.1231273
2018-08,43.75,91.25,0.7853764
2018-08,43.75,93.75,0.7770144
2018-08,43.75,96.25,0.5501517
2018-08,43.75,98.75,1.4581257
2018-08,46.25,71.25,0.6836738
2018-08,46.25,73.75,1.5535735
2018-08,46.25,76.25,0.5504916
2018-08,46.25,78.75,0.7661098
2018-08,46.25,81.25,1.0700814
2018-08,46.25,83.75,1.192427
2018-08,46.25,86.25,1.1172553
2018-08,46.25,88.75,0.5062869
2018-08,46.25,91.25,0.48618656
2018-08,46.25,93.75,0.54393035
2018-08,46.25,96.25,1.4039004
2018-08,46.25,98.75,3.2821317
2018-08,48.75,71.25,2.2080512
2018-08,48.75,73.75,2.4031968
2018-08,48.75,76.25,1.7555412
2018-08,48.75,78.75,1.3026783
2018-08,48.75,81.25,1.3744358
2018-08,48.75,83.75,1.3454328
2018-08,48.75,86.25,1.7160698
2018-08,48.75,88.75,0.65686584
2018-08,48.75,91.25,0.53669405
2018-08,48.75,93.75,0.82772315
2018-08,48.75,96.25,1.7601362
2018-08,48.75,98.75,3.1960747
2018-09,26.25,71.25,0.30297926
2018-09,26.25,73.75,2.401827
2018-09,26.25,76.25,6.1393633
2018-09,26.25,78.75,5.377715
2018-09,26.25,81.25,4.2915344
2018-09,26.25,83.75,3.304493
2018-09,26.25,86.25,4.5334587
2018-09,26.25,88.75,9.654524
2018-09,26.25,91.25,10.121389
2018-09,26.25,93.75,7.697961
2018-09,26.25,96.25,9.790001
2018-09,26.25,98.75,5.395174
2018-09,28.75,71.25,0.20675334
2018-09,28.75,73.75,1.2148075
2018-09,28.75,76.25,5.5535355
2018-09,28.75,78.75,6.0619416
2018-09,28.75,81.25,3.5328608
2018-09,28.75,83.75,1.2918553
2018-09,28.75,86.25,1.9941959
2018-09,28.75,88.75,2.7288647
2018-09,28.75,91.25,3.5921936
2018-09,28.75,93.75,6.501108
2018-09,28.75,96.25,6.1462054
2018-09,28.75,98.75,5.81021
2018-09,31.25,71.25,0.45465517
2018-09,31.25,73.75,2.249111
2018-09,31.25,76.25,10.424363
2018-09,31.25,78.75,5.241645
2018-09,31.25,81.25,1.2566315
2018-09,31.25,83.75,1.3030084
2018-09,31.25,86.25,1.320154
2018-09,31.25,88.75,1.8288966
2018-09,31.25,91.25,2.869181
2018-09,31.25,93.75,4.0858564
2018-09,31.25,96.25,5.074844
2018-09,31.25,98.75,6.7943335
2018-09,33.75,71.25,0.7799189
2018-09,33.75,73.75,2.226523
2018-09,33.75,76.25,3.654451
2018-09,33.75,78.75,1.3837702
2018-09,33.75,81.25,0.80133104
2018-09,33.75,83.75,1.0677005
2018-09,33.75,86.25,0.54056567
2018-09,33.75,88.75,0.9368304
2018-09,33.75,91.25,1.8747569
2018-09,33.75,93.75,2.6119657
2018-09,33.75,96.25,3.737669
2018-09,33.75,98.75,4.512585
2018-09,36.25,71.25,0.3926777
2018-09,36.25,73.75,0.7685011
2018-09,36.25,76.25,0.85596955
2018-09,36.25,78.75,0.5836145
2018-09,36.25,81.25,0.47344154
2018-09,36.25,83.75,0.56869483
2018-09,36.25,86.25,0.4215342
2018-09,36.25,88.75,0.6081674
2018-09,36.25,91.25,0.82648647
2018-09,36.25,93.75,0.94635445
2018-09,36.25,96.25,0.68042177
2018-09,36.25,98.75,1.1759019
2018-09,38.75,71.25,0.26456252
2018-09,38.75,73.75,0.4444108
2018-09,38.75,76.25,0.6734768
2018-09,38.75,78.75,0.32466578
2018-09,38.75,81.25,0.24500816
2018-09,38.75,83.75,0.25671026
2018-09,38.75,86.25,0.31624517
2018-09,38.75,88.75,0.36696336
2018-09,38.75,91.25,0.24781264
2018-09,38.75,93.75,0.22100495
2018-09,38.75,96.25,0.24667299
2018-09,38.75,98.75,0.57954973
2018-09,41.25,71.25,0.25656864
2018-09,41.25,73.75,0.7628164
2018-09,41.25,76.25,0.98046166
2018-09,41.25,78.75,0.8252342
2018-09,41.25,81.25,0.32403454
2018-09,41.25,83.75,0.14468709
2018-09,41.25,86.25,0.072457895
2018-09,41.25,88.75,0.041034415
2018-09,41.25,91.25,0.032980546
2018-09,41.25,93.75,0.06558421
2018-09,41.25,96.25,0.12093392
2018-09,41.25,98.75,0.08743684
2018-09,43.75,71.25,0.100069016
2018-09,43.75,73.75,0.3856535
2018-09,43.75,76.25,0.4185818
2018-09,43.75,78.75,1.2348417
2018-09,43.75,81.25,1.2710049
2018-09,43.75,83.75,0.8960848
2018-09,43.75,86.25,0.732231
2018-09,43.75,88.75,0.7485045
2018-09,43.75,91.25,0.41030714
2018-09,43.75,93.75,0.37429875
2018-09,43.75,96.25,0.18871732
2018-09,43.75,98.75,0.112792626
2018-09,46.25,71.25,0.5077021
2018-09,46.25,73.75,1.0252
2018-09,46.25,76.25,0.31777447
2018-09,46.25,78.75,0.61685425
2018-09,46.25,81.25,0.8164269
2018-09,46.25,83.75,0.8433759
2018-09,46.25,86.25,0.5084715
2018-09,46.25,88.75,0.7772584
2018-09,46.25,91.25,0.81781465
2018-09,46.25,93.75,0.44170234
2018-09,46.25,96.25,0.5225914
2018-09,46.25,98.75,0.35944846
2018-09,48.75,71.25,0.6844096
2018-09,48.75,73.75,1.0550393
2018-09,48.75,76.25,1.0329651
2018-09,48.75,78.75,0.9183316
2018-09,48.75,81.25,0.92536
2018-09,48.75,83.75,1.2012532
2018-09,48.75,86.25,1.5373735
2018-09,48.75,88.75,0.62657183
2018-09,48.75,91.25,0.7822266
2018-09,48.75,93.75,0.58749455
2018-09,48.75,96.25,1.0645097
2018-09,48.75,98.75,1.5463068
2018-10,26.25,71.25,0.002747929
2018-10,26.25,73.75,0.002620474
2018-10,26.25,76.25,0.015688462
2018-10,26.25,78.75,0.026815277
2018-10,26.25,81.25,0.04253702
2018-10,26.25,83.75,0.029214099
2018-10,26.25,86.25,0.59201336
2018-10,26.25,88.75,0.96939415
2018-10,26.25,91.25,1.630191
2018-10,26.25,93.75,1.9551616
2018-10,26.25,96.25,3.4843326
2018-10,26.25,98.75,2.9998431
2018-10,28.75,71.25,0.001862462
2018-10,28.75,73.75,0.007027736
2018-10,28.75,76.25,0.0843628
2018-10,28.75,78.75,0.5262308
2018-10,28.75,81.25,0.002020004
2018-10,28.75,83.75,0.005384415
2018-10,28.75,86.25,0.4318257
2018-10,28.75,88.75,0.28278965
2018-10,28.75,91.25,0.5448437
2018-10,28.75,93.75,1.2901754
2018-10,28.75,96.25,1.728505
2018-10,28.75,98.75,1.4600714
2018-10,31.25,71.25,0.18713859
2018-10,31.25,73.75,0.14408685
2018-10,31.25,76.25,0.130922
2018-10,31.25,78.75,0.47474968
2018-10,31.25,81.25,0.028202612
2018-10,31.25,83.75,0.1392425
2018-10,31.25,86.25,0.07671289
2018-10,31.25,88.75,0.19176283
2018-10,31.25,91.25,0.43093845
2018-10,31.25,93.75,0.96686995
2018-10,31.25,96.25,1.2313688
2018-10,31.25,98.75,1.1449053
2018-10,33.75,71.25,0.84373933
2018-10,33.75,73.75,0.9670441
2018-10,33.75,76.25,0.14247537
2018-10,33.75,78.75,0.057823714
2018-10,33.75,81.25,0.060559746
2018-10,33.75,83.75,0.16900021
2018-10,33.75,86.25,0.09491685
2018-10,33.75,88.75,0.2951965
2018-10,33.75,91.25,0.45603785
2018-10,33.75,93.75,0.8305709
2018-10,33.75,96.25,0.9690622
2018-10,33.75,98.75,1.1471095
2018-10,36.25,71.25,1.1166753
2018-10,36.25,73.75,1.2173718
2018-10,36.25,76.25,0.52881265
2018-10,36.25,78.75,0.068516284
2018-10,36.25,81.25,0.020586928
2018-10,36.25,83.75,0.05863572
2018-10,36.25,86.25,0.0613985
2018-10,36.25,88.75,0.15222234
2018-10,36.25,91.25,0.23223439
2018-10,36.25,93.75,0.21412966
2018-10,36.25,96.25,0.21891652
2018-10,36.25,98.75,0.387046
2018-10,38.75,71.25,1.1853224
2018-10,38.75,73.75,0.51518786
2018-10,38.75,76.25,0.15738942
2018-10,38.75,78.75,0.06550588
2018-10,38.75,81.25,0.04174094
2018-10,38.75,83.75,0.04673614
2018-10,38.75,86.25,0.05590293
2018-10,38.75,88.75,0.056007132
2018-10,38.75,91.25,0.045392677
2018-10,38.75,93.75,0.02973114
2018-10,38.75,96.25,0.026109021
2018-10,38.75,98.75,0.09010838
2018-10,41.25,71.25,1.6880765
2018-10,41.25,73.75,1.0766978
2018-10,41.25,76.25,0.40232456
2018-10,41.25,78.75,0.49233282
2018-10,41.25,81.25,0.34483117
2018-10,41.25,83.75,0.19267099
2018-10,41.25,86.25,0.18743807
2018-10,41.25,88.75,0.080518864
2018-10,41.25,91.25,0.03104744
2018-10,41.25,93.75,0.011337119
2018-10,41.25,96.25,0.08490881
2018-10,41.25,98.75,0.033734262
2018-10,43.75,71.25,0.60994095
2018-10,43.75,73.75,0.7833949
2018-10,43.75,76.25,0.65801424
2018-10,43.75,78.75,1.1070493
2018-10,43.75,81.25,0.90746987
2018-10,43.75,83.75,0.55571955
2018-10,43.75,86.25,0.77791065
2018-10,43.75,88.75,0.7294113
2018-10,43.75,91.25,0.32489714
2018-10,43.75,93.75,0.17777756
2018-10,43.75,96.25,0.0633543
2018-10,43.75,98.75,0.06775567
2018-10,46.25,71.25,1.108463
2018-10,46.25,73.75,1.0844178
2018-10,46.25,76.25,0.7282131
2018-10,46.25,78.75,0.7799349
2018-10,46.25,81.25,1.2617894
2018-10,46.25,83.75,0.91578245
2018-10,46.25,86.25,0.5684514
2018-10,46.25,88.75,0.7660434
2018-10,46.25,91.25,0.49250194
2018-10,46.25,93.75,0.18798894
2018-10,46.25,96.25,0.1996424
2018-10,46.25,98.75,0.08139824
2018-10,48.75,71.25,2.2532105
2018-10,48.75,73.75,2.3256302
2018-10,48.75,76.25,0.8527976
2018-10,48.75,78.75,0.62515825
2018-10,48.75,81.25,1.3534756
2018-10,48.75,83.75,1.75811
2018-10,48.75,86.25,1.6492921
2018-10,48.75,88.75,0.507787
2018-10,48.75,91.25,0.37935638
2018-10,48.75,93.75,0.4172417
2018-10,48.75,96.25,0.57262987
2018-10,48.75,98.75,0.44079152
2018-11,26.25,71.25,0.002331415
2018-11,26.25,73.75,0.003915619
2018-11,26.25,76.25,0.002374369
2018-11,26.25,78.75,0.00867118
2018-11,26.25,81.25,0.002846328
2018-11,26.25,83.75,0.00097954
2018-11,26.25,86.25,4.24E-05
2018-11,26.25,88.75,0.08482776
2018-11,26.25,91.25,0.23438892
2018-11,26.25,93.75,0.7320093
2018-11,26.25,96.25,0.3632265
2018-11,26.25,98.75,0.2690732
2018-11,28.75,71.25,0.006299218
2018-11,28.75,73.75,0.058063768
2018-11,28.75,76.25,0.07937381
2018-11,28.75,78.75,0.1706162
2018-11,28.75,81.25,0.11432238
2018-11,28.75,83.75,0.009497292
2018-11,28.75,86.25,0.08667694
2018-11,28.75,88.75,0.08197373
2018-11,28.75,91.25,0.12486205
2018-11,28.75,93.75,0.5950439
2018-11,28.75,96.25,0.90565795
2018-11,28.75,98.75,0.15382934
2018-11,31.25,71.25,0.17164737
2018-11,31.25,73.75,0.19468443
2018-11,31.25,76.25,0.66187686
2018-11,31.25,78.75,0.82987195
2018-11,31.25,81.25,0.17441025
2018-11,31.25,83.75,0.07197132
2018-11,31.25,86.25,0.022750521
2018-11,31.25,88.75,0.057580486
2018-11,31.25,91.25,0.257835
2018-11,31.25,93.75,0.71012235
2018-11,31.25,96.25,0.7101842
2018-11,31.25,98.75,0.62732077
2018-11,33.75,71.25,0.3458585
2018-11,33.75,73.75,1.155343
2018-11,33.75,76.25,1.4478027
2018-11,33.75,78.75,0.5365469
2018-11,33.75,81.25,0.3022847
2018-11,33.75,83.75,0.21527645
2018-11,33.75,86.25,0.08385182
2018-11,33.75,88.75,0.11084047
2018-11,33.75,91.25,0.2069056
2018-11,33.75,93.75,0.50965583
2018-11,33.75,96.25,0.511749
2018-11,33.75,98.75,0.79643893
2018-11,36.25,71.25,1.2162709
2018-11,36.25,73.75,1.5260062
2018-11,36.25,76.25,1.4976604
2018-11,36.25,78.75,0.7733402
2018-11,36.25,81.25,0.49229082
2018-11,36.25,83.75,0.2891931
2018-11,36.25,86.25,0.11519137
2018-11,36.25,88.75,0.09280321
2018-11,36.25,91.25,0.13383998
2018-11,36.25,93.75,0.16829076
2018-11,36.25,96.25,0.38019088
2018-11,36.25,98.75,0.57732666
2018-11,38.75,71.25,2.3412125
2018-11,38.75,73.75,0.92179215
2018-11,38.75,76.25,0.5055141
2018-11,38.75,78.75,0.5643827
2018-11,38.75,81.25,0.38223198
2018-11,38.75,83.75,0.1671023
2018-11,38.75,86.25,0.14888977
2018-11,38.75,88.75,0.10802545
2018-11,38.75,91.25,0.09256759
2018-11,38.75,93.75,0.11577976
2018-11,38.75,96.25,0.26482776
2018-11,38.75,98.75,0.2420558
2018-11,41.25,71.25,1.828048
2018-11,41.25,73.75,1.8629284
2018-11,41.25,76.25,0.5453075
2018-11,41.25,78.75,0.5429738
2018-11,41.25,81.25,0.51369584
2018-11,41.25,83.75,0.17555156
2018-11,41.25,86.25,0.073411
2018-11,41.25,88.75,0.05603323
2018-11,41.25,91.25,0.082182385
2018-11,41.25,93.75,0.097654216
2018-11,41.25,96.25,0.09022234
2018-11,41.25,98.75,0.07261722
2018-11,43.75,71.25,1.7396153
2018-11,43.75,73.75,1.679125
2018-11,43.75,76.25,1.6581517
2018-11,43.75,78.75,1.7655473
2018-11,43.75,81.25,1.0322069
2018-11,43.75,83.75,0.5374026
2018-11,43.75,86.25,0.5501095
2018-11,43.75,88.75,0.46985638
2018-11,43.75,91.25,0.27598378
2018-11,43.75,93.75,0.111613855
2018-11,43.75,96.25,0.016581075
2018-11,43.75,98.75,0.01405506
2018-11,46.25,71.25,1.9881942
2018-11,46.25,73.75,2.2768168
2018-11,46.25,76.25,2.6039078
2018-11,46.25,78.75,3.3465364
2018-11,46.25,81.25,3.8696482
2018-11,46.25,83.75,1.547011
2018-11,46.25,86.25,0.75087875
2018-11,46.25,88.75,0.8660445
2018-11,46.25,91.25,0.37402537
2018-11,46.25,93.75,0.04169124
2018-11,46.25,96.25,0.051351644
2018-11,46.25,98.75,0.035860814
2018-11,48.75,71.25,1.9757142
2018-11,48.75,73.75,1.8859682
2018-11,48.75,76.25,1.3542005
2018-11,48.75,78.75,2.2618382
2018-11,48.75,81.25,3.7038064
2018-11,48.75,83.75,3.0014844
2018-11,48.75,86.25,1.8351834
2018-11,48.75,88.75,0.62093794
2018-11,48.75,91.25,0.19921711
2018-11,48.75,93.75,0.19199196
2018-11,48.75,96.25,0.11448046
2018-11,48.75,98.75,0.13813545
2018-12,26.25,71.25,0.001502588
2018-12,26.25,73.75,0.004658625
2018-12,26.25,76.25,0.023291474
2018-12,26.25,78.75,0.016446529
2018-12,26.25,81.25,0.029509531
2018-12,26.25,83.75,0.036531575
2018-12,26.25,86.25,0.1559206
2018-12,26.25,88.75,0.30851224
2018-12,26.25,91.25,0.43951574
2018-12,26.25,93.75,0.6506578
2018-12,26.25,96.25,0.7549702
2018-12,26.25,98.75,0.996881
2018-12,28.75,71.25,0.01031437
2018-12,28.75,73.75,0.016534366
2018-12,28.75,76.25,0.038008768
2018-12,28.75,78.75,2.24E-05
2018-12,28.75,81.25,0.09505041
2018-12,28.75,83.75,0.006712021
2018-12,28.75,86.25,0.28187868
2018-12,28.75,88.75,0.34621876
2018-12,28.75,91.25,0.44932657
2018-12,28.75,93.75,0.3456595
2018-12,28.75,96.25,0.41299796
2018-12,28.75,98.75,0.44918656
2018-12,31.25,71.25,0.13186863
2018-12,31.25,73.75,0.13032861
2018-12,31.25,76.25,0.39143994
2018-12,31.25,78.75,0.25440812
2018-12,31.25,81.25,0.09034261
2018-12,31.25,83.75,0.069735914
2018-12,31.25,86.25,0.15042832
2018-12,31.25,88.75,0.22564726
2018-12,31.25,91.25,0.27089974
2018-12,31.25,93.75,0.3332729
2018-12,31.25,96.25,0.26994455
2018-12,31.25,98.75,0.23646487
2018-12,33.75,71.25,0.33813432
2018-12,33.75,73.75,0.56719726
2018-12,33.75,76.25,0.078492306
2018-12,33.75,78.75,0.089987755
2018-12,33.75,81.25,0.08907428
2018-12,33.75,83.75,0.10181428
2018-12,33.75,86.25,0.117131375
2018-12,33.75,88.75,0.12699385
2018-12,33.75,91.25,0.14840288
2018-12,33.75,93.75,0.2442843
2018-12,33.75,96.25,0.23312506
2018-12,33.75,98.75,0.25912386
2018-12,36.25,71.25,0.5431707
2018-12,36.25,73.75,0.48431832
2018-12,36.25,76.25,0.2891582
2018-12,36.25,78.75,0.12252378
2018-12,36.25,81.25,0.10335489
2018-12,36.25,83.75,0.09744344
2018-12,36.25,86.25,0.080870345
2018-12,36.25,88.75,0.08419435
2018-12,36.25,91.25,0.08950417
2018-12,36.25,93.75,0.04301823
2018-12,36.25,96.25,0.06726326
2018-12,36.25,98.75,0.12434697
2018-12,38.75,71.25,1.0555099
2018-12,38.75,73.75,0.35893667
2018-12,38.75,76.25,0.097265616
2018-12,38.75,78.75,0.04990731
2018-12,38.75,81.25,0.067540586
2018-12,38.75,83.75,0.06653252
2018-12,38.75,86.25,0.08399314
2018-12,38.75,88.75,0.08209993
2018-12,38.75,91.25,0.0501178
2018-12,38.75,93.75,0.04716849
2018-12,38.75,96.25,0.082214266
2018-12,38.75,98.75,0.119511485
2018-12,41.25,71.25,1.3896781
2018-12,41.25,73.75,0.7649937
2018-12,41.25,76.25,0.40666753
2018-12,41.25,78.75,0.13697606
2018-12,41.25,81.25,0.08800083
2018-12,41.25,83.75,0.05480291
2018-12,41.25,86.25,0.15500619
2018-12,41.25,88.75,0.16745763
2018-12,41.25,91.25,0.07653706
2018-12,41.25,93.75,0.11696907
2018-12,41.25,96.25,0.13796173
2018-12,41.25,98.75,0.13850933
2018-12,43.75,71.25,0.8005649
2018-12,43.75,73.75,0.78588825
2018-12,43.75,76.25,0.68660104
2018-12,43.75,78.75,0.58734715
2018-12,43.75,81.25,0.48299047
2018-12,43.75,83.75,0.32019475
2018-12,43.75,86.25,0.4336853
2018-12,43.75,88.75,0.40856788
2018-12,43.75,91.25,0.21647663
2018-12,43.75,93.75,0.14078948
2018-12,43.75,96.25,0.06766515
2018-12,43.75,98.75,0.029152853
2018-12,46.25,71.25,1.152734
2018-12,46.25,73.75,1.6951416
2018-12,46.25,76.25,0.59677917
2018-12,46.25,78.75,0.630548
2018-12,46.25,81.25,1.1306337
2018-12,46.25,83.75,0.6345701
2018-12,46.25,86.25,0.4411155
2018-12,46.25,88.75,0.34771633
2018-12,46.25,91.25,0.2236711
2018-12,46.25,93.75,0.09007028
2018-12,46.25,96.25,0.15321545
2018-12,46.25,98.75,0.05996934
2018-12,48.75,71.25,1.2180703
2018-12,48.75,73.75,1.0763664
2018-12,48.75,76.25,0.41969672
2018-12,48.75,78.75,0.5112483
2018-12,48.75,81.25,0.88010323
2018-12,48.75,83.75,1.0901127
2018-12,48.75,86.25,1.0469496
2018-12,48.75,88.75,0.22254811
2018-12,48.75,91.25,0.07860116
2018-12,48.75,93.75,0.12851119
2018-12,48.75,96.25,0.13760367
2018-12,48.75,98.75,0.11335469
2019-01,26.25,71.25,0.23999694
2019-01,26.25,73.75,0.143965
2019-01,26.25,76.25,0.2516772
2019-01,26.25,78.75,0.41546375
2019-01,26.25,81.25,0.6678326
2019-01,26.25,83.75,0.43430278
2019-01,26.25,86.25,0.21682623
2019-01,26.25,88.75,0.10678756
2019-01,26.25,91.25,0.005158796
2019-01,26.25,93.75,0.14322284
2019-01,26.25,96.25,0.33034074
2019-01,26.25,98.75,1.0429142
2019-01,28.75,71.25,0.52357084
2019-01,28.75,73.75,0.3054356
2019-01,28.75,76.25,0.63421035
2019-01,28.75,78.75,1.2954376
2019-01,28.75,81.25,1.6429701
2019-01,28.75,83.75,0.90167415
2019-01,28.75,86.25,0.42113733
2019-01,28.75,88.75,0.08951624
2019-01,28.75,91.25,0.106473334
2019-01,28.75,93.75,0.17137353
2019-01,28.75,96.25,0.14314458
2019-01,28.75,98.75,0.30257738
2019-01,31.25,71.25,1.2152667
2019-01,31.25,73.75,1.1132934
2019-01,31.25,76.25,1.9312296
2019-01,31.25,78.75,2.7630396
2019-01,31.25,81.25,1.2927403
2019-01,31.25,83.75,0.5730247
2019-01,31.25,86.25,0.3034924
2019-01,31.25,88.75,0.19279966
2019-01,31.25,91.25,0.21619731
2019-01,31.25,93.75,0.29754376
2019-01,31.25,96.25,0.12302971
2019-01,31.25,98.75,0.07127925
2019-01,33.75,71.25,1.8200703
2019-01,33.75,73.75,3.7407374
2019-01,33.75,76.25,3.4670334
2019-01,33.75,78.75,1.6334356
2019-01,33.75,81.25,0.77193475
2019-01,33.75,83.75,0.5112894
2019-01,33.75,86.25,0.33011407
2019-01,33.75,88.75,0.2273768
2019-01,33.75,91.25,0.19145913
2019-01,33.75,93.75,0.36001995
2019-01,33.75,96.25,0.43449295
2019-01,33.75,98.75,0.2160996
2019-01,36.25,71.25,2.875444
2019-01,36.25,73.75,2.515814
2019-01,36.25,76.25,1.6667912
2019-01,36.25,78.75,0.7891472
2019-01,36.25,81.25,0.49049512
2019-01,36.25,83.75,0.2802811
2019-01,36.25,86.25,0.18038307
2019-01,36.25,88.75,0.15785313
2019-01,36.25,91.25,0.16019009
2019-01,36.25,93.75,0.14343554
2019-01,36.25,96.25,0.20939466
2019-01,36.25,98.75,0.1748971
2019-01,38.75,71.25,2.4229236
2019-01,38.75,73.75,1.1976751
2019-01,38.75,76.25,0.44709453
2019-01,38.75,78.75,0.27500165
2019-01,38.75,81.25,0.20436293
2019-01,38.75,83.75,0.065309115
2019-01,38.75,86.25,0.06124026
2019-01,38.75,88.75,0.08269642
2019-01,38.75,91.25,0.13449676
2019-01,38.75,93.75,0.09681568
2019-01,38.75,96.25,0.17687975
2019-01,38.75,98.75,0.14123976
2019-01,41.25,71.25,1.8021345
2019-01,41.25,73.75,0.9236829
2019-01,41.25,76.25,0.28026587
2019-01,41.25,78.75,0.24720761
2019-01,41.25,81.25,0.27314728
2019-01,41.25,83.75,0.051930316
2019-01,41.25,86.25,0.035319213
2019-01,41.25,88.75,0.031811643
2019-01,41.25,91.25,0.046554804
2019-01,41.25,93.75,0.060200706
2019-01,41.25,96.25,0.08692908
2019-01,41.25,98.75,0.073131554
2019-01,43.75,71.25,0.9523293
2019-01,43.75,73.75,0.8194214
2019-01,43.75,76.25,0.71767664
2019-01,43.75,78.75,0.7718617
2019-01,43.75,81.25,0.4491395
2019-01,43.75,83.75,0.17337625
2019-01,43.75,86.25,0.16036789
2019-01,43.75,88.75,0.07465823
2019-01,43.75,91.25,0.066641085
2019-01,43.75,93.75,0.051407445
2019-01,43.75,96.25,0.022240888
2019-01,43.75,98.75,0.011613593
2019-01,46.25,71.25,1.5341265
2019-01,46.25,73.75,2.221671
2019-01,46.25,76.25,1.253875
2019-01,46.25,78.75,1.0963163
2019-01,46.25,81.25,1.4795527
2019-01,46.25,83.75,0.47251755
2019-01,46.25,86.25,0.31798315
2019-01,46.25,88.75,0.13564475
2019-01,46.25,91.25,0.084828526
2019-01,46.25,93.75,0.010122505
2019-01,46.25,96.25,0.026563816
2019-01,46.25,98.75,0.018767618
2019-01,48.75,71.25,0.8732244
2019-01,48.75,73.75,0.83719856
2019-01,48.75,76.25,0.46455708
2019-01,48.75,78.75,1.1979145
2019-01,48.75,81.25,1.711827
2019-01,48.75,83.75,1.4274805
2019-01,48.75,86.25,0.68257546
2019-01,48.75,88.75,0.13600537
2019-01,48.75,91.25,0.060004003
2019-01,48.75,93.75,0.039014425
2019-01,48.75,96.25,0.042692594
2019-01,48.75,98.75,0.05697998
2019-02,26.25,71.25,0.13357644
2019-02,26.25,73.75,0.052271873
2019-02,26.25,76.25,0.32182586
2019-02,26.25,78.75,1.041837
2019-02,26.25,81.25,1.4042463
2019-02,26.25,83.75,1.5800507
2019-02,26.25,86.25,1.414258
2019-02,26.25,88.75,1.2308129
2019-02,26.25,91.25,1.1575911
2019-02,26.25,93.75,1.40458
2019-02,26.25,96.25,1.0935202
2019-02,26.25,98.75,1.2447373
2019-02,28.75,71.25,1.6030681
2019-02,28.75,73.75,0.63673526
2019-02,28.75,76.25,0.6795101
2019-02,28.75,78.75,1.6796308
2019-02,28.75,81.25,3.181707
2019-02,28.75,83.75,3.3932254
2019-02,28.75,86.25,1.5401026
2019-02,28.75,88.75,0.7154545
2019-02,28.75,91.25,0.49609974
2019-02,28.75,93.75,0.9481598
2019-02,28.75,96.25,1.4233083
2019-02,28.75,98.75,0.81357723
2019-02,31.25,71.25,2.2779694
2019-02,31.25,73.75,2.1849432
2019-02,31.25,76.25,3.989811
2019-02,31.25,78.75,4.1873426
2019-02,31.25,81.25,2.2719595
2019-02,31.25,83.75,1.4440148
2019-02,31.25,86.25,0.5606519
2019-02,31.25,88.75,0.37986258
2019-02,31.25,91.25,0.46778637
2019-02,31.25,93.75,0.97408396
2019-02,31.25,96.25,0.7713767
2019-02,31.25,98.75,0.67128175
2019-02,33.75,71.25,2.770165
2019-02,33.75,73.75,5.0557165
2019-02,33.75,76.25,4.4563236
2019-02,33.75,78.75,2.4379451
2019-02,33.75,81.25,1.1728506
2019-02,33.75,83.75,0.85912365
2019-02,33.75,86.25,0.508027
2019-02,33.75,88.75,0.42652866
2019-02,33.75,91.25,0.30537802
2019-02,33.75,93.75,0.58293974
2019-02,33.75,96.25,0.6006993
2019-02,33.75,98.75,0.75908315
2019-02,36.25,71.25,3.6368537
2019-02,36.25,73.75,2.9905982
2019-02,36.25,76.25,2.1019118
2019-02,36.25,78.75,1.0360537
2019-02,36.25,81.25,0.76724404
2019-02,36.25,83.75,0.47091296
2019-02,36.25,86.25,0.29013142
2019-02,36.25,88.75,0.23305029
2019-02,36.25,91.25,0.14304262
2019-02,36.25,93.75,0.111197144
2019-02,36.25,96.25,0.15238342
2019-02,36.25,98.75,0.23578078
2019-02,38.75,71.25,2.0973568
2019-02,38.75,73.75,0.8318228
2019-02,38.75,76.25,0.34765038
2019-02,38.75,78.75,0.25089413
2019-02,38.75,81.25,0.22792989
2019-02,38.75,83.75,0.113784365
2019-02,38.75,86.25,0.092901476
2019-02,38.75,88.75,0.08819364
2019-02,38.75,91.25,0.089925155
2019-02,38.75,93.75,0.06287668
2019-02,38.75,96.25,0.08093865
2019-02,38.75,98.75,0.09611122
2019-02,41.25,71.25,1.6285017
2019-02,41.25,73.75,0.9387985
2019-02,41.25,76.25,0.38339582
2019-02,41.25,78.75,0.36439168
2019-02,41.25,81.25,0.24997562
2019-02,41.25,83.75,0.061314948
2019-02,41.25,86.25,0.026367225
2019-02,41.25,88.75,0.045615092
2019-02,41.25,91.25,0.033042204
2019-02,41.25,93.75,0.060646493
2019-02,41.25,96.25,0.083995506
2019-02,41.25,98.75,0.06552613
2019-02,43.75,71.25,0.8276956
2019-02,43.75,73.75,0.9636203
2019-02,43.75,76.25,1.0681598
2019-02,43.75,78.75,1.1221654
2019-02,43.75,81.25,0.80302525
2019-02,43.75,83.75,0.2829172
2019-02,43.75,86.25,0.27053252
2019-02,43.75,88.75,0.28428638
2019-02,43.75,91.25,0.18442906
2019-02,43.75,93.75,0.093381815
2019-02,43.75,96.25,0.07543217
2019-02,43.75,98.75,0.12896997
2019-02,46.25,71.25,1.8670015
2019-02,46.25,73.75,1.9700723
2019-02,46.25,76.25,1.2419713
2019-02,46.25,78.75,1.4032261
2019-02,46.25,81.25,1.9557366
2019-02,46.25,83.75,0.59809387
2019-02,46.25,86.25,0.38564217
2019-02,46.25,88.75,0.40970808
2019-02,46.25,91.25,0.2839565
2019-02,46.25,93.75,0.16327162
2019-02,46.25,96.25,0.1324471
2019-02,46.25,98.75,0.10316383
2019-02,48.75,71.25,2.0013132
2019-02,48.75,73.75,1.7330344
2019-02,48.75,76.25,0.7889402
2019-02,48.75,78.75,0.7050283
2019-02,48.75,81.25,0.8934463
2019-02,48.75,83.75,1.0239385
2019-02,48.75,86.25,0.93539935
2019-02,48.75,88.75,0.2601457
2019-02,48.75,91.25,0.09992647
2019-02,48.75,93.75,0.13786995
2019-02,48.75,96.25,0.07014211
2019-02,48.75,98.75,0.06843515
2019-03,26.25,71.25,0.18128285
2019-03,26.25,73.75,0.052529186
2019-03,26.25,76.25,0.11818194
2019-03,26.25,78.75,0.18337864
2019-03,26.25,81.25,0.31547415
2019-03,26.25,83.75,0.401118
2019-03,26.25,86.25,0.37062535
2019-03,26.25,88.75,1.1727091
2019-03,26.25,91.25,1.1354216
2019-03,26.25,93.75,1.7733741
2019-03,26.25,96.25,1.9109391
2019-03,26.25,98.75,1.6178312
2019-03,28.75,71.25,0.55347115
2019-03,28.75,73.75,0.21249689
2019-03,28.75,76.25,0.3702168
2019-03,28.75,78.75,0.4087004
2019-03,28.75,81.25,0.47617137
2019-03,28.75,83.75,0.9915058
2019-03,28.75,86.25,0.88587457
2019-03,28.75,88.75,0.49981838
2019-03,28.75,91.25,0.6273892
2019-03,28.75,93.75,1.2912164
2019-03,28.75,96.25,1.5267248
2019-03,28.75,98.75,1.010146
2019-03,31.25,71.25,1.4380778
2019-03,31.25,73.75,0.75966036
2019-03,31.25,76.25,1.1963241
2019-03,31.25,78.75,1.6945102
2019-03,31.25,81.25,0.53341985
2019-03,31.25,83.75,0.20580375
2019-03,31.25,86.25,0.21335685
2019-03,31.25,88.75,0.2844514
2019-03,31.25,91.25,0.53758514
2019-03,31.25,93.75,1.3024201
2019-03,31.25,96.25,1.1544291
2019-03,31.25,98.75,1.0604751
2019-03,33.75,71.25,1.9301298
2019-03,33.75,73.75,2.3127499
2019-03,33.75,76.25,0.9801327
2019-03,33.75,78.75,0.37806702
2019-03,33.75,81.25,0.26318693
2019-03,33.75,83.75,0.3221638
2019-03,33.75,86.25,0.25590733
2019-03,33.75,88.75,0.29584327
2019-03,33.75,91.25,0.37337157
2019-03,33.75,93.75,0.71678513
2019-03,33.75,96.25,0.6478542
2019-03,33.75,98.75,0.7930542
2019-03,36.25,71.25,1.6209042
2019-03,36.25,73.75,1.1166365
2019-03,36.25,76.25,0.69991374
2019-03,36.25,78.75,0.26499692
2019-03,36.25,81.25,0.1610324
2019-03,36.25,83.75,0.16241786
2019-03,36.25,86.25,0.09193121
2019-03,36.25,88.75,0.0856074
2019-03,36.25,91.25,0.11385426
2019-03,36.25,93.75,0.096108355
2019-03,36.25,96.25,0.13531958
2019-03,36.25,98.75,0.16975999
2019-03,38.75,71.25,1.4172629
2019-03,38.75,73.75,0.51911086
2019-03,38.75,76.25,0.16683878
2019-03,38.75,78.75,0.057119492
2019-03,38.75,81.25,0.033198018
2019-03,38.75,83.75,0.030659433
2019-03,38.75,86.25,0.02677884
2019-03,38.75,88.75,0.019540614
2019-03,38.75,91.25,0.024599232
2019-03,38.75,93.75,0.024780765
2019-03,38.75,96.25,0.058887437
2019-03,38.75,98.75,0.08988632
2019-03,41.25,71.25,1.2351755
2019-03,41.25,73.75,0.86429256
2019-03,41.25,76.25,0.33804223
2019-03,41.25,78.75,0.077865675
2019-03,41.25,81.25,0.061320804
2019-03,41.25,83.75,0.0384046
2019-03,41.25,86.25,0.00986695
2019-03,41.25,88.75,0.00272325
2019-03,41.25,91.25,0.005920596
2019-03,41.25,93.75,0.004820813
2019-03,41.25,96.25,0.001029985
2019-03,41.25,98.75,0.003062601
2019-03,43.75,71.25,1.1588689
2019-03,43.75,73.75,1.1632771
2019-03,43.75,76.25,0.57652557
2019-03,43.75,78.75,0.27930662
2019-03,43.75,81.25,0.04904781
2019-03,43.75,83.75,0.14425415
2019-03,43.75,86.25,0.100672275
2019-03,43.75,88.75,0.005790167
2019-03,43.75,91.25,0.03358904
2019-03,43.75,93.75,0.06856601
2019-03,43.75,96.25,0.011393761
2019-03,43.75,98.75,0.05632329
2019-03,46.25,71.25,1.5057666
2019-03,46.25,73.75,1.3067421
2019-03,46.25,76.25,0.39384472
2019-03,46.25,78.75,0.12843123
2019-03,46.25,81.25,0.31602842
2019-03,46.25,83.75,0.047996834
2019-03,46.25,86.25,0.038528055
2019-03,46.25,88.75,0.007938717
2019-03,46.25,91.25,0.01593688
2019-03,46.25,93.75,0.023495076
2019-03,46.25,96.25,0.08070376
2019-03,46.25,98.75,0.06827126
2019-03,48.75,71.25,1.4045894
2019-03,48.75,73.75,0.90850645
2019-03,48.75,76.25,0.17832756
2019-03,48.75,78.75,0.2230634
2019-03,48.75,81.25,0.25237668
2019-03,48.75,83.75,0.19217975
2019-03,48.75,86.25,0.17377926
2019-03,48.75,88.75,0.018355515
2019-03,48.75,91.25,0.007721449
2019-03,48.75,93.75,0.012984466
2019-03,48.75,96.25,0.004317244
2019-03,48.75,98.75,0.088713266
2019-04,26.25,71.25,0.03113456
2019-04,26.25,73.75,0.35304302
2019-04,26.25,76.25,0.72141325
2019-04,26.25,78.75,0.59739065
2019-04,26.25,81.25,0.20788565
2019-04,26.25,83.75,0.7024096
2019-04,26.25,86.25,1.982873
2019-04,26.25,88.75,4.303742
2019-04,26.25,91.25,5.7397423
2019-04,26.25,93.75,4.5715923
2019-04,26.25,96.25,2.666362
2019-04,26.25,98.75,1.5260057
2019-04,28.75,71.25,0.65696
2019-04,28.75,73.75,0.8517761
2019-04,28.75,76.25,0.67028874
2019-04,28.75,78.75,0.5716042
2019-04,28.75,81.25,1.0080166
2019-04,28.75,83.75,2.0679615
2019-04,28.75,86.25,1.7075843
2019-04,28.75,88.75,1.3996973
2019-04,28.75,91.25,1.1785234
2019-04,28.75,93.75,2.4117632
2019-04,28.75,96.25,2.332739
2019-04,28.75,98.75,1.3586042
2019-04,31.25,71.25,2.2440069
2019-04,31.25,73.75,1.7176626
2019-04,31.25,76.25,1.384838
2019-04,31.25,78.75,1.2831672
2019-04,31.25,81.25,0.6937535
2019-04,31.25,83.75,0.9343724
2019-04,31.25,86.25,0.50444335
2019-04,31.25,88.75,0.5374228
2019-04,31.25,91.25,0.71782583
2019-04,31.25,93.75,1.25714
2019-04,31.25,96.25,1.0580852
2019-04,31.25,98.75,1.3452095
2019-04,33.75,71.25,2.4850073
2019-04,33.75,73.75,2.3067207
2019-04,33.75,76.25,1.1682658
2019-04,33.75,78.75,0.30231515
2019-04,33.75,81.25,0.2954762
2019-04,33.75,83.75,0.36686406
2019-04,33.75,86.25,0.32452744
2019-04,33.75,88.75,0.3764957
2019-04,33.75,91.25,0.5622873
2019-04,33.75,93.75,0.74149925
2019-04,33.75,96.25,0.8513648
2019-04,33.75,98.75,1.0648899
2019-04,36.25,71.25,3.059706
2019-04,36.25,73.75,1.963485
2019-04,36.25,76.25,0.97544265
2019-04,36.25,78.75,0.30735683
2019-04,36.25,81.25,0.22328578
2019-04,36.25,83.75,0.2971021
2019-04,36.25,86.25,0.27965578
2019-04,36.25,88.75,0.3147084
2019-04,36.25,91.25,0.32458448
2019-04,36.25,93.75,0.3537827
2019-04,36.25,96.25,0.43198097
2019-04,36.25,98.75,0.62443364
2019-04,38.75,71.25,3.595359
2019-04,38.75,73.75,1.1052725
2019-04,38.75,76.25,0.586757
2019-04,38.75,78.75,0.39292878
2019-04,38.75,81.25,0.21249491
2019-04,38.75,83.75,0.19177477
2019-04,38.75,86.25,0.23609537
2019-04,38.75,88.75,0.2006263
2019-04,38.75,91.25,0.23066857
2019-04,38.75,93.75,0.1970115
2019-04,38.75,96.25,0.36005825
2019-04,38.75,98.75,0.5941031
2019-04,41.25,71.25,3.5125208
2019-04,41.25,73.75,2.6041813
2019-04,41.25,76.25,1.2892647
2019-04,41.25,78.75,1.2345082
2019-04,41.25,81.25,0.73461956
2019-04,41.25,83.75,0.2925427
2019-04,41.25,86.25,0.15853447
2019-04,41.25,88.75,0.05163358
2019-04,41.25,91.25,0.05304787
2019-04,41.25,93.75,0.05255824
2019-04,41.25,96.25,0.15054794
2019-04,41.25,98.75,0.12502703
2019-04,43.75,71.25,2.1161811
2019-04,43.75,73.75,2.0430806
2019-04,43.75,76.25,1.9897531
2019-04,43.75,78.75,1.956126
2019-04,43.75,81.25,1.5539227
2019-04,43.75,83.75,1.2558316
2019-04,43.75,86.25,0.9067685
2019-04,43.75,88.75,0.32262295
2019-04,43.75,91.25,0.23125932
2019-04,43.75,93.75,0.24808316
2019-04,43.75,96.25,0.0965123
2019-04,43.75,98.75,0.34087908
2019-04,46.25,71.25,1.4562055
2019-04,46.25,73.75,1.390166
2019-04,46.25,76.25,0.79411113
2019-04,46.25,78.75,0.7130074
2019-04,46.25,81.25,1.3414874
2019-04,46.25,83.75,1.0957676
2019-04,46.25,86.25,0.6776061
2019-04,46.25,88.75,0.4046933
2019-04,46.25,91.25,0.24144086
2019-04,46.25,93.75,0.38782173
2019-04,46.25,96.25,0.19384715
2019-04,46.25,98.75,0.2798367
2019-04,48.75,71.25,1.4274919
2019-04,48.75,73.75,1.3762205
2019-04,48.75,76.25,0.7656426
2019-04,48.75,78.75,0.6814967
2019-04,48.75,81.25,1.0609704
2019-04,48.75,83.75,1.4049382
2019-04,48.75,86.25,1.7341079
2019-04,48.75,88.75,0.48663104
2019-04,48.75,91.25,0.19515207
2019-04,48.75,93.75,0.20876788
2019-04,48.75,96.25,0.1289629
2019-04,48.75,98.75,0.34947756
2019-05,26.25,71.25,0.9744854
2019-05,26.25,73.75,0.39493555
2019-05,26.25,76.25,0.12797529
2019-05,26.25,78.75,0.21240729
2019-05,26.25,81.25,0.055032633
2019-05,26.25,83.75,0.2974575
2019-05,26.25,86.25,1.5030186
2019-05,26.25,88.75,6.891398
2019-05,26.25,91.25,11.872065
2019-05,26.25,93.75,9.563593
2019-05,26.25,96.25,4.7227955
2019-05,26.25,98.75,1.7576522
2019-05,28.75,71.25,0.88472164
2019-05,28.75,73.75,1.017583
2019-05,28.75,76.25,0.9734422
2019-05,28.75,78.75,0.14528495
2019-05,28.75,81.25,0.6097529
2019-05,28.75,83.75,1.8827901
2019-05,28.75,86.25,1.0144999
2019-05,28.75,88.75,1.4695436
2019-05,28.75,91.25,1.8153716
2019-05,28.75,93.75,4.6125145
2019-05,28.75,96.25,4.703739
2019-05,28.75,98.75,2.2113702
2019-05,31.25,71.25,1.157676
2019-05,31.25,73.75,1.0235965
2019-05,31.25,76.25,0.7921128
2019-05,31.25,78.75,0.9345032
2019-05,31.25,81.25,0.20982234
2019-05,31.25,83.75,0.21865231
2019-05,31.25,86.25,0.16469936
2019-05,31.25,88.75,0.38600984
2019-05,31.25,91.25,1.1322193
2019-05,31.25,93.75,3.0202045
2019-05,31.25,96.25,3.1584144
2019-05,31.25,98.75,3.5732944
2019-05,33.75,71.25,1.5426893
2019-05,33.75,73.75,2.304926
2019-05,33.75,76.25,1.3143812
2019-05,33.75,78.75,0.41910824
2019-05,33.75,81.25,0.38809258
2019-05,33.75,83.75,0.36412793
2019-05,33.75,86.25,0.38920778
2019-05,33.75,88.75,0.54751503
2019-05,33.75,91.25,0.9555886
2019-05,33.75,93.75,1.6127706
2019-05,33.75,96.25,2.3490894
2019-05,33.75,98.75,3.3409376
2019-05,36.25,71.25,1.1747596
2019-05,36.25,73.75,1.034468
2019-05,36.25,76.25,0.9083052
2019-05,36.25,78.75,0.34864134
2019-05,36.25,81.25,0.28039202
2019-05,36.25,83.75,0.26415318
2019-05,36.25,86.25,0.3315053
2019-05,36.25,88.75,0.4895792
2019-05,36.25,91.25,0.5134964
2019-05,36.25,93.75,0.7233506
2019-05,36.25,96.25,1.0141691
2019-05,36.25,98.75,1.8528515
2019-05,38.75,71.25,1.1862103
2019-05,38.75,73.75,0.5973317
2019-05,38.75,76.25,0.40653074
2019-05,38.75,78.75,0.22428742
2019-05,38.75,81.25,0.31164682
2019-05,38.75,83.75,0.20517638
2019-05,38.75,86.25,0.3333248
2019-05,38.75,88.75,0.4311931
2019-05,38.75,91.25,0.41238403
2019-05,38.75,93.75,0.4700828
2019-05,38.75,96.25,0.9748018
2019-05,38.75,98.75,1.3533576
2019-05,41.25,71.25,1.6199183
2019-05,41.25,73.75,1.8952696
2019-05,41.25,76.25,1.1921532
2019-05,41.25,78.75,0.8225078
2019-05,41.25,81.25,0.93846405
2019-05,41.25,83.75,0.7330977
2019-05,41.25,86.25,0.6798046
2019-05,41.25,88.75,0.1315443
2019-05,41.25,91.25,0.0992565
2019-05,41.25,93.75,0.27236876
2019-05,41.25,96.25,0.5426006
2019-05,41.25,98.75,0.39086536
2019-05,43.75,71.25,0.4453565
2019-05,43.75,73.75,0.73360103
2019-05,43.75,76.25,0.8566198
2019-05,43.75,78.75,1.589824
2019-05,43.75,81.25,1.3646964
2019-05,43.75,83.75,1.0184209
2019-05,43.75,86.25,1.3938515
2019-05,43.75,88.75,0.8368855
2019-05,43.75,91.25,0.4016586
2019-05,43.75,93.75,0.3992619
2019-05,43.75,96.25,0.1736766
2019-05,43.75,98.75,0.18743424
2019-05,46.25,71.25,0.66938156
2019-05,46.25,73.75,1.4480671
2019-05,46.25,76.25,1.2188646
2019-05,46.25,78.75,1.1821891
2019-05,46.25,81.25,1.4920135
2019-05,46.25,83.75,1.2081221
2019-05,46.25,86.25,1.194661
2019-05,46.25,88.75,0.9139534
2019-05,46.25,91.25,0.8258645
2019-05,46.25,93.75,0.66997176
2019-05,46.25,96.25,0.47939524
2019-05,46.25,98.75,0.3523771
2019-05,48.75,71.25,0.39554915
2019-05,48.75,73.75,1.0582757
2019-05,48.75,76.25,1.151382
2019-05,48.75,78.75,1.3200848
2019-05,48.75,81.25,1.6283653
2019-05,48.75,83.75,1.5348499
2019-05,48.75,86.25,1.6556393
2019-05,48.75,88.75,0.7443492
2019-05,48.75,91.25,0.5069314
2019-05,48.75,93.75,0.5365822
2019-05,48.75,96.25,0.5739181
2019-05,48.75,98.75,0.6601447
2019-06,26.25,71.25,0.9802179
2019-06,26.25,73.75,1.0004069
2019-06,26.25,76.25,1.7909001
2019-06,26.25,78.75,1.736862
2019-06,26.25,81.25,1.1608021
2019-06,26.25,83.75,2.399741
2019-06,26.25,86.25,3.2510123
2019-06,26.25,88.75,9.758783
2019-06,26.25,91.25,13.343461
2019-06,26.25,93.75,10.871309
2019-06,26.25,96.25,14.087866
2019-06,26.25,98.75,5.5127172
2019-06,28.75,71.25,0.8461258
2019-06,28.75,73.75,0.5998013
2019-06,28.75,76.25,0.7278799
2019-06,28.75,78.75,1.3541796
2019-06,28.75,81.25,3.5141468
2019-06,28.75,83.75,2.9065785
2019-06,28.75,86.25,2.0055938
2019-06,28.75,88.75,2.2335567
2019-06,28.75,91.25,1.9664185
2019-06,28.75,93.75,5.7150965
2019-06,28.75,96.25,4.249715
2019-06,28.75,98.75,2.438312
2019-06,31.25,71.25,1.4243958
2019-06,31.25,73.75,0.9993503
2019-06,31.25,76.25,1.1952208
2019-06,31.25,78.75,1.2051576
2019-06,31.25,81.25,0.88489777
2019-06,31.25,83.75,1.035552
2019-06,31.25,86.25,0.7764904
2019-06,31.25,88.75,1.0690268
2019-06,31.25,91.25,1.6467631
2019-06,31.25,93.75,4.5897737
2019-06,31.25,96.25,2.8551025
2019-06,31.25,98.75,4.9672437
2019-06,33.75,71.25,0.7310638
2019-06,33.75,73.75,2.530828
2019-06,33.75,76.25,1.330893
2019-06,33.75,78.75,0.32222238
2019-06,33.75,81.25,0.5346304
2019-06,33.75,83.75,0.62011045
2019-06,33.75,86.25,0.52659535
2019-06,33.75,88.75,0.74759436
2019-06,33.75,91.25,1.6740363
2019-06,33.75,93.75,3.0677583
2019-06,33.75,96.25,4.2705913
2019-06,33.75,98.75,4.772931
2019-06,36.25,71.25,0.8475525
2019-06,36.25,73.75,1.5959764
2019-06,36.25,76.25,1.6453097
2019-06,36.25,78.75,1.0469633
2019-06,36.25,81.25,0.83406866
2019-06,36.25,83.75,0.92330825
2019-06,36.25,86.25,0.827364
2019-06,36.25,88.75,0.89974236
2019-06,36.25,91.25,1.0077271
2019-06,36.25,93.75,1.369224
2019-06,36.25,96.25,1.4745405
2019-06,36.25,98.75,2.3077955
2019-06,38.75,71.25,1.5071073
2019-06,38.75,73.75,1.0421677
2019-06,38.75,76.25,1.1997607
2019-06,38.75,78.75,1.163044
2019-06,38.75,81.25,0.96256846
2019-06,38.75,83.75,0.67419434
2019-06,38.75,86.25,0.47189713
2019-06,38.75,88.75,0.56869847
2019-06,38.75,91.25,0.6652914
2019-06,38.75,93.75,0.6433424
2019-06,38.75,96.25,1.2363207
2019-06,38.75,98.75,1.9044638
2019-06,41.25,71.25,1.6760862
2019-06,41.25,73.75,2.5244646
2019-06,41.25,76.25,1.3824935
2019-06,41.25,78.75,1.2154802
2019-06,41.25,81.25,1.187275
2019-06,41.25,83.75,0.9602355
2019-06,41.25,86.25,0.50268215
2019-06,41.25,88.75,0.38322967
2019-06,41.25,91.25,0.35806087
2019-06,41.25,93.75,0.42188364
2019-06,41.25,96.25,0.81055784
2019-06,41.25,98.75,0.7948003
2019-06,43.75,71.25,0.6915537
2019-06,43.75,73.75,1.0973207
2019-06,43.75,76.25,1.4754323
2019-06,43.75,78.75,2.4568732
2019-06,43.75,81.25,2.2749195
2019-06,43.75,83.75,2.6470716
2019-06,43.75,86.25,1.9852788
2019-06,43.75,88.75,0.41745657
2019-06,43.75,91.25,0.4134075
2019-06,43.75,93.75,0.57771766
2019-06,43.75,96.25,0.2993786
2019-06,43.75,98.75,0.35719883
2019-06,46.25,71.25,1.4814392
2019-06,46.25,73.75,1.8388638
2019-06,46.25,76.25,1.105216
2019-06,46.25,78.75,2.035749
2019-06,46.25,81.25,2.128126
2019-06,46.25,83.75,1.5030904
2019-06,46.25,86.25,1.0872713
2019-06,46.25,88.75,0.7029562
2019-06,46.25,91.25,0.6192261
2019-06,46.25,93.75,0.5733676
2019-06,46.25,96.25,0.7270918
2019-06,46.25,98.75,1.4245458
2019-06,48.75,71.25,1.7673681
2019-06,48.75,73.75,1.7733357
2019-06,48.75,76.25,1.8364496
2019-06,48.75,78.75,1.8300316
2019-06,48.75,81.25,2.3166935
2019-06,48.75,83.75,2.2447102
2019-06,48.75,86.25,2.1025739
2019-06,48.75,88.75,1.2944311
2019-06,48.75,91.25,1.2019998
2019-06,48.75,93.75,1.0632874
2019-06,48.75,96.25,1.2622464
2019-06,48.75,98.75,2.1993372
2019-07,26.25,71.25,2.7901697
2019-07,26.25,73.75,6.872384
2019-07,26.25,76.25,10.959886
2019-07,26.25,78.75,9.145616
2019-07,26.25,81.25,12.502392
2019-07,26.25,83.75,12.959404
2019-07,26.25,86.25,11.987062
2019-07,26.25,88.75,20.081709
2019-07,26.25,91.25,18.545813
2019-07,26.25,93.75,14.041704
2019-07,26.25,96.25,21.125566
2019-07,26.25,98.75,10.166525
2019-07,28.75,71.25,1.4146066
2019-07,28.75,73.75,3.858932
2019-07,28.75,76.25,6.819081
2019-07,28.75,78.75,9.949615
2019-07,28.75,81.25,11.284883
2019-07,28.75,83.75,6.56744
2019-07,28.75,86.25,7.2544584
2019-07,28.75,88.75,7.431549
2019-07,28.75,91.25,7.5865383
2019-07,28.75,93.75,11.796177
2019-07,28.75,96.25,11.34071
2019-07,28.75,98.75,9.633482
2019-07,31.25,71.25,2.436489
2019-07,31.25,73.75,5.104884
2019-07,31.25,76.25,8.104842
2019-07,31.25,78.75,5.1283913
2019-07,31.25,81.25,3.7100325
2019-07,31.25,83.75,4.2507234
2019-07,31.25,86.25,4.1931586
2019-07,31.25,88.75,4.390725
2019-07,31.25,91.25,5.302829
2019-07,31.25,93.75,6.399617
2019-07,31.25,96.25,5.655307
2019-07,31.25,98.75,7.405179
2019-07,33.75,71.25,2.8094952
2019-07,33.75,73.75,7.382558
2019-07,33.75,76.25,3.5044847
2019-07,33.75,78.75,1.4638214
2019-07,33.75,81.25,1.6399808
2019-07,33.75,83.75,1.4859054
2019-07,33.75,86.25,1.5104768
2019-07,33.75,88.75,1.8969669
2019-07,33.75,91.25,2.7236505
2019-07,33.75,93.75,3.0018587
2019-07,33.75,96.25,3.1618667
2019-07,33.75,98.75,3.8692627
2019-07,36.25,71.25,0.65761095
2019-07,36.25,73.75,1.2199095
2019-07,36.25,76.25,1.3262107
2019-07,36.25,78.75,0.61356133
2019-07,36.25,81.25,0.27865872
2019-07,36.25,83.75,0.4513573
2019-07,36.25,86.25,0.5874151
2019-07,36.25,88.75,0.8422956
2019-07,36.25,91.25,0.8865
2019-07,36.25,93.75,0.8637543
2019-07,36.25,96.25,1.1588271
2019-07,36.25,98.75,1.9292169
2019-07,38.75,71.25,0.43744558
2019-07,38.75,73.75,0.714169
2019-07,38.75,76.25,0.6592961
2019-07,38.75,78.75,0.44822383
2019-07,38.75,81.25,0.45074478
2019-07,38.75,83.75,0.576254
2019-07,38.75,86.25,0.7263047
2019-07,38.75,88.75,0.8251821
2019-07,38.75,91.25,0.7121411
2019-07,38.75,93.75,0.7580075
2019-07,38.75,96.25,1.1541156
2019-07,38.75,98.75,1.6268194
2019-07,41.25,71.25,0.46082315
2019-07,41.25,73.75,1.2335974
2019-07,41.25,76.25,2.0391865
2019-07,41.25,78.75,1.2965151
2019-07,41.25,81.25,0.72995996
2019-07,41.25,83.75,0.6326586
2019-07,41.25,86.25,0.33336896
2019-07,41.25,88.75,0.34110487
2019-07,41.25,91.25,0.493662
2019-07,41.25,93.75,1.0579515
2019-07,41.25,96.25,0.98975015
2019-07,41.25,98.75,0.68355167
2019-07,43.75,71.25,0.20326805
2019-07,43.75,73.75,0.45858312
2019-07,43.75,76.25,0.3086632
2019-07,43.75,78.75,1.1101263
2019-07,43.75,81.25,1.2701904
2019-07,43.75,83.75,1.8030407
2019-07,43.75,86.25,1.4015516
2019-07,43.75,88.75,0.33159176
2019-07,43.75,91.25,0.41560966
2019-07,43.75,93.75,0.7744726
2019-07,43.75,96.25,0.8855062
2019-07,43.75,98.75,0.9163063
2019-07,46.25,71.25,0.36749947
2019-07,46.25,73.75,0.7341775
2019-07,46.25,76.25,0.28509024
2019-07,46.25,78.75,0.23140317
2019-07,46.25,81.25,0.41756457
2019-07,46.25,83.75,0.7351545
2019-07,46.25,86.25,0.6636746
2019-07,46.25,88.75,0.6330935
2019-07,46.25,91.25,0.728418
2019-07,46.25,93.75,1.0413508
2019-07,46.25,96.25,1.0658176
2019-07,46.25,98.75,1.5529063
2019-07,48.75,71.25,0.45517743
2019-07,48.75,73.75,0.64171827
2019-07,48.75,76.25,0.7454398
2019-07,48.75,78.75,0.8299035
2019-07,48.75,81.25,0.95770323
2019-07,48.75,83.75,1.3168584
2019-07,48.75,86.25,1.8218591
2019-07,48.75,88.75,1.7426217
2019-07,48.75,91.25,1.868469
2019-07,48.75,93.75,1.3599361
2019-07,48.75,96.25,1.8056258
2019-07,48.75,98.75,2.701373
2019-08,26.25,71.25,4.7085094
2019-08,26.25,73.75,9.351793
2019-08,26.25,76.25,9.697604
2019-08,26.25,78.75,9.727661
2019-08,26.25,81.25,9.183006
2019-08,26.25,83.75,6.0063143
2019-08,26.25,86.25,5.378909
2019-08,26.25,88.75,8.028557
2019-08,26.25,91.25,8.694508
2019-08,26.25,93.75,7.9410686
2019-08,26.25,96.25,9.06752
2019-08,26.25,98.75,6.4795413
2019-08,28.75,71.25,2.975528
2019-08,28.75,73.75,3.9266984
2019-08,28.75,76.25,4.316076
2019-08,28.75,78.75,7.6761336
2019-08,28.75,81.25,6.945078
2019-08,28.75,83.75,3.8079212
2019-08,28.75,86.25,4.766077
2019-08,28.75,88.75,4.735934
2019-08,28.75,91.25,4.0864844
2019-08,28.75,93.75,4.766193
2019-08,28.75,96.25,3.481959
2019-08,28.75,98.75,4.927759
2019-08,31.25,71.25,2.58698
2019-08,31.25,73.75,2.7880821
2019-08,31.25,76.25,8.9285145
2019-08,31.25,78.75,5.2402687
2019-08,31.25,81.25,3.462409
2019-08,31.25,83.75,3.2142317
2019-08,31.25,86.25,2.338299
2019-08,31.25,88.75,1.9088495
2019-08,31.25,91.25,2.6906314
2019-08,31.25,93.75,3.5651927
2019-08,31.25,96.25,4.172319
2019-08,31.25,98.75,5.1013665
2019-08,33.75,71.25,2.3979583
2019-08,33.75,73.75,5.2912874
2019-08,33.75,76.25,2.6831064
2019-08,33.75,78.75,1.5689304
2019-08,33.75,81.25,2.4530208
2019-08,33.75,83.75,1.7192891
2019-08,33.75,86.25,0.9558863
2019-08,33.75,88.75,0.9402743
2019-08,33.75,91.25,1.9141972
2019-08,33.75,93.75,2.8434453
2019-08,33.75,96.25,3.2891128
2019-08,33.75,98.75,4.1225476
2019-08,36.25,71.25,0.37643135
2019-08,36.25,73.75,1.1681994
2019-08,36.25,76.25,0.32410753
2019-08,36.25,78.75,0.36593986
2019-08,36.25,81.25,0.49903327
2019-08,36.25,83.75,0.5273565
2019-08,36.25,86.25,0.48945397
2019-08,36.25,88.75,0.58043176
2019-08,36.25,91.25,1.1483383
2019-08,36.25,93.75,1.5784044
2019-08,36.25,96.25,1.0279105
2019-08,36.25,98.75,1.5505153
2019-08,38.75,71.25,0.22966883
2019-08,38.75,73.75,0.5157627
2019-08,38.75,76.25,0.48032883
2019-08,38.75,78.75,0.42121184
2019-08,38.75,81.25,0.105514966
2019-08,38.75,83.75,0.121490866
2019-08,38.75,86.25,0.16691403
2019-08,38.75,88.75,0.17731841
2019-08,38.75,91.25,0.20187831
2019-08,38.75,93.75,0.17474747
2019-08,38.75,96.25,0.44567412
2019-08,38.75,98.75,1.0933069
2019-08,41.25,71.25,0.2219964
2019-08,41.25,73.75,0.52801585
2019-08,41.25,76.25,1.047457
2019-08,41.25,78.75,2.1892834
2019-08,41.25,81.25,1.114872
2019-08,41.25,83.75,0.4281535
2019-08,41.25,86.25,0.11777843
2019-08,41.25,88.75,0.033149365
2019-08,41.25,91.25,0.054193377
2019-08,41.25,93.75,0.22169721
2019-08,41.25,96.25,0.32108042
2019-08,41.25,98.75,0.7408654
2019-08,43.75,71.25,0.059238117
2019-08,43.75,73.75,0.3020879
2019-08,43.75,76.25,0.6717125
2019-08,43.75,78.75,1.8152344
2019-08,43.75,81.25,1.6190054
2019-08,43.75,83.75,1.33067
2019-08,43.75,86.25,0.9507197
2019-08,43.75,88.75,0.19720884
2019-08,43.75,91.25,0.2120671
2019-08,43.75,93.75,0.3619331
2019-08,43.75,96.25,0.19679844
2019-08,43.75,98.75,0.6264341
2019-08,46.25,71.25,0.3233996
2019-08,46.25,73.75,0.7741603
2019-08,46.25,76.25,0.24812418
2019-08,46.25,78.75,0.4932011
2019-08,46.25,81.25,0.72224414
2019-08,46.25,83.75,0.8020979
2019-08,46.25,86.25,0.8974154
2019-08,46.25,88.75,0.34386742
2019-08,46.25,91.25,0.23227109
2019-08,46.25,93.75,0.18883985
2019-08,46.25,96.25,0.19679129
2019-08,46.25,98.75,0.63721436
2019-08,48.75,71.25,0.6426842
2019-08,48.75,73.75,0.91615725
2019-08,48.75,76.25,0.7259095
2019-08,48.75,78.75,0.8737508
2019-08,48.75,81.25,0.92888534
2019-08,48.75,83.75,1.3360134
2019-08,48.75,86.25,1.4234143
2019-08,48.75,88.75,1.1732224
2019-08,48.75,91.25,0.8741094
2019-08,48.75,93.75,0.39159477
2019-08,48.75,96.25,0.81956434
2019-08,48.75,98.75,1.2293015
2019-09,26.25,71.25,2.3759036
2019-09,26.25,73.75,4.1509943
2019-09,26.25,76.25,6.0500975
2019-09,26.25,78.75,8.016969
2019-09,26.25,81.25,10.0343895
2019-09,26.25,83.75,12.175501
2019-09,26.25,86.25,10.780532
2019-09,26.25,88.75,13.293653
2019-09,26.25,91.25,12.933014
2019-09,26.25,93.75,10.482159
2019-09,26.25,96.25,10.424808
2019-09,26.25,98.75,5.531716
2019-09,28.75,71.25,0.6731298
2019-09,28.75,73.75,1.0059441
2019-09,28.75,76.25,1.6229147
2019-09,28.75,78.75,4.0730295
2019-09,28.75,81.25,6.531188
2019-09,28.75,83.75,5.036641
2019-09,28.75,86.25,5.348295
2019-09,28.75,88.75,4.2029905
2019-09,28.75,91.25,4.5476685
2019-09,28.75,93.75,6.5343494
2019-09,28.75,96.25,5.1648254
2019-09,28.75,98.75,5.0344725
2019-09,31.25,71.25,0.64154935
2019-09,31.25,73.75,2.082067
2019-09,31.25,76.25,4.3122582
2019-09,31.25,78.75,3.5861511
2019-09,31.25,81.25,1.5684048
2019-09,31.25,83.75,2.4413192
2019-09,31.25,86.25,2.6845443
2019-09,31.25,88.75,2.7382479
2019-09,31.25,91.25,3.758152
2019-09,31.25,93.75,5.153383
2019-09,31.25,96.25,5.257803
2019-09,31.25,98.75,7.195709
2019-09,33.75,71.25,0.6309108
2019-09,33.75,73.75,3.1029177
2019-09,33.75,76.25,1.5515041
2019-09,33.75,78.75,1.2020351
2019-09,33.75,81.25,0.9974713
2019-09,33.75,83.75,0.8239957
2019-09,33.75,86.25,0.7647155
2019-09,33.75,88.75,0.9278546
2019-09,33.75,91.25,1.6206366
2019-09,33.75,93.75,2.2979012
2019-09,33.75,96.25,3.1436095
2019-09,33.75,98.75,3.6005335
2019-09,36.25,71.25,0.2665132
2019-09,36.25,73.75,0.57870895
2019-09,36.25,76.25,0.3763622
2019-09,36.25,78.75,0.4806137
2019-09,36.25,81.25,0.3133978
2019-09,36.25,83.75,0.42815512
2019-09,36.25,86.25,0.32417598
2019-09,36.25,88.75,0.46821472
2019-09,36.25,91.25,0.645162
2019-09,36.25,93.75,0.64929205
2019-09,36.25,96.25,0.72702503
2019-09,36.25,98.75,1.1358216
2019-09,38.75,71.25,0.20035231
2019-09,38.75,73.75,0.2669465
2019-09,38.75,76.25,0.42340434
2019-09,38.75,78.75,0.7006725
2019-09,38.75,81.25,0.5592432
2019-09,38.75,83.75,0.19430977
2019-09,38.75,86.25,0.24992464
2019-09,38.75,88.75,0.2146221
2019-09,38.75,91.25,0.14142415
2019-09,38.75,93.75,0.11588302
2019-09,38.75,96.25,0.36024928
2019-09,38.75,98.75,0.8442085
2019-09,41.25,71.25,0.7659883
2019-09,41.25,73.75,1.9466664
2019-09,41.25,76.25,0.9927333
2019-09,41.25,78.75,1.0674382
2019-09,41.25,81.25,1.0574117
2019-09,41.25,83.75,0.6515053
2019-09,41.25,86.25,0.34886193
2019-09,41.25,88.75,0.08717215
2019-09,41.25,91.25,0.03431849
2019-09,41.25,93.75,0.092033625
2019-09,41.25,96.25,0.49719766
2019-09,41.25,98.75,0.29932016
2019-09,43.75,71.25,0.26965672
2019-09,43.75,73.75,0.887752
2019-09,43.75,76.25,1.1489516
2019-09,43.75,78.75,1.7063437
2019-09,43.75,81.25,1.6729856
2019-09,43.75,83.75,1.1583557
2019-09,43.75,86.25,1.1350207
2019-09,43.75,88.75,0.6894488
2019-09,43.75,91.25,0.3572286
2019-09,43.75,93.75,0.2553722
2019-09,43.75,96.25,0.1686242
2019-09,43.75,98.75,0.17406741
2019-09,46.25,71.25,0.7268426
2019-09,46.25,73.75,1.4219472
2019-09,46.25,76.25,0.38730922
2019-09,46.25,78.75,0.5954024
2019-09,46.25,81.25,0.9136481
2019-09,46.25,83.75,0.97314787
2019-09,46.25,86.25,0.8849513
2019-09,46.25,88.75,0.954266
2019-09,46.25,91.25,0.57188046
2019-09,46.25,93.75,0.29357812
2019-09,46.25,96.25,0.2829626
2019-09,46.25,98.75,0.23667517
2019-09,48.75,71.25,1.2416642
2019-09,48.75,73.75,1.0580218
2019-09,48.75,76.25,0.41557357
2019-09,48.75,78.75,0.48359337
2019-09,48.75,81.25,0.7394944
2019-09,48.75,83.75,1.0058261
2019-09,48.75,86.25,1.4883351
2019-09,48.75,88.75,0.9393185
2019-09,48.75,91.25,0.5272325
2019-09,48.75,93.75,0.6040473
2019-09,48.75,96.25,0.62761056
2019-09,48.75,98.75,0.54703563
2019-10,26.25,71.25,0.66850746
2019-10,26.25,73.75,0.38824272
2019-10,26.25,76.25,0.38196775
2019-10,26.25,78.75,0.8845318
2019-10,26.25,81.25,0.8744893
2019-10,26.25,83.75,0.39337304
2019-10,26.25,86.25,0.43475235
2019-10,26.25,88.75,2.4920378
2019-10,26.25,91.25,4.5409145
2019-10,26.25,93.75,5.0905104
2019-10,26.25,96.25,3.7742534
2019-10,26.25,98.75,2.695678
2019-10,28.75,71.25,1.3910178
2019-10,28.75,73.75,0.5700179
2019-10,28.75,76.25,0.5710871
2019-10,28.75,78.75,0.58423686
2019-10,28.75,81.25,0.2535208
2019-10,28.75,83.75,0.092987
2019-10,28.75,86.25,0.3381214
2019-10,28.75,88.75,0.45083958
2019-10,28.75,91.25,0.788936
2019-10,28.75,93.75,1.8818686
2019-10,28.75,96.25,2.3087823
2019-10,28.75,98.75,1.3874654
2019-10,31.25,71.25,1.14259
2019-10,31.25,73.75,0.62967676
2019-10,31.25,76.25,0.27144197
2019-10,31.25,78.75,0.48085645
2019-10,31.25,81.25,0.04133898
2019-10,31.25,83.75,0.22574146
2019-10,31.25,86.25,0.41616547
2019-10,31.25,88.75,0.3048143
2019-10,31.25,91.25,0.6525154
2019-10,31.25,93.75,1.7912782
2019-10,31.25,96.25,1.785979
2019-10,31.25,98.75,2.0853603
2019-10,33.75,71.25,0.94672185
2019-10,33.75,73.75,1.1253455
2019-10,33.75,76.25,0.50442374
2019-10,33.75,78.75,0.118904255
2019-10,33.75,81.25,0.10503424
2019-10,33.75,83.75,0.08219889
2019-10,33.75,86.25,0.0657902
2019-10,33.75,88.75,0.16149922
2019-10,33.75,91.25,0.44383395
2019-10,33.75,93.75,0.88432395
2019-10,33.75,96.25,1.1746836
2019-10,33.75,98.75,1.8871799
2019-10,36.25,71.25,0.77384126
2019-10,36.25,73.75,0.6224196
2019-10,36.25,76.25,0.33824593
2019-10,36.25,78.75,0.12069753
2019-10,36.25,81.25,0.11132517
2019-10,36.25,83.75,0.1254075
2019-10,36.25,86.25,0.09153408
2019-10,36.25,88.75,0.2178453
2019-10,36.25,91.25,0.28686512
2019-10,36.25,93.75,0.31209004
2019-10,36.25,96.25,0.35552704
2019-10,36.25,98.75,0.71696794
2019-10,38.75,71.25,1.2735469
2019-10,38.75,73.75,0.3228308
2019-10,38.75,76.25,0.096472055
2019-10,38.75,78.75,0.057531916
2019-10,38.75,81.25,0.063655265
2019-10,38.75,83.75,0.06515612
2019-10,38.75,86.25,0.08348329
2019-10,38.75,88.75,0.14427666
2019-10,38.75,91.25,0.19422531
2019-10,38.75,93.75,0.1347196
2019-10,38.75,96.25,0.18515038
2019-10,38.75,98.75,0.39357
2019-10,41.25,71.25,0.5281645
2019-10,41.25,73.75,0.6106684
2019-10,41.25,76.25,0.4827355
2019-10,41.25,78.75,0.5609883
2019-10,41.25,81.25,0.43333507
2019-10,41.25,83.75,0.48652977
2019-10,41.25,86.25,0.11878293
2019-10,41.25,88.75,0.055322386
2019-10,41.25,91.25,0.04640638
2019-10,41.25,93.75,0.041774347
2019-10,41.25,96.25,0.061440576
2019-10,41.25,98.75,0.08895319
2019-10,43.75,71.25,0.110811815
2019-10,43.75,73.75,0.48998278
2019-10,43.75,76.25,0.6464232
2019-10,43.75,78.75,0.8947036
2019-10,43.75,81.25,0.57351273
2019-10,43.75,83.75,0.4669853
2019-10,43.75,86.25,0.37998134
2019-10,43.75,88.75,0.19861135
2019-10,43.75,91.25,0.1667172
2019-10,43.75,93.75,0.17142755
2019-10,43.75,96.25,0.055289596
2019-10,43.75,98.75,0.13227534
2019-10,46.25,71.25,0.5749799
2019-10,46.25,73.75,0.6787695
2019-10,46.25,76.25,0.3053374
2019-10,46.25,78.75,0.41201892
2019-10,46.25,81.25,0.541928
2019-10,46.25,83.75,0.31224015
2019-10,46.25,86.25,0.20624897
2019-10,46.25,88.75,0.18541116
2019-10,46.25,91.25,0.21104333
2019-10,46.25,93.75,0.10417907
2019-10,46.25,96.25,0.19618239
2019-10,46.25,98.75,0.11228059
2019-10,48.75,71.25,1.1922574
2019-10,48.75,73.75,1.528322
2019-10,48.75,76.25,1.0252376
2019-10,48.75,78.75,0.7701181
2019-10,48.75,81.25,1.2024822
2019-10,48.75,83.75,1.2835641
2019-10,48.75,86.25,1.2230154
2019-10,48.75,88.75,0.28344184
2019-10,48.75,91.25,0.17947517
2019-10,48.75,93.75,0.15762928
2019-10,48.75,96.25,0.32044464
2019-10,48.75,98.75,0.7137
2019-11,26.25,71.25,1.4943037
2019-11,26.25,73.75,0.43307653
2019-11,26.25,76.25,0.16385444
2019-11,26.25,78.75,0.061744045
2019-11,26.25,81.25,0.012887324
2019-11,26.25,83.75,0.010400661
2019-11,26.25,86.25,0.0516126
2019-11,26.25,88.75,0.20816672
2019-11,26.25,91.25,0.4051443
2019-11,26.25,93.75,0.79389954
2019-11,26.25,96.25,0.47564858
2019-11,26.25,98.75,0.63869536
2019-11,28.75,71.25,1.0909235
2019-11,28.75,73.75,1.0561969
2019-11,28.75,76.25,0.7231499
2019-11,28.75,78.75,0.67844486
2019-11,28.75,81.25,0.44810954
2019-11,28.75,83.75,0.08032694
2019-11,28.75,86.25,0.12932433
2019-11,28.75,88.75,0.052243683
2019-11,28.75,91.25,0.060762636
2019-11,28.75,93.75,0.34680608
2019-11,28.75,96.25,0.31988898
2019-11,28.75,98.75,0.3011781
2019-11,31.25,71.25,1.2558285
2019-11,31.25,73.75,1.2021117
2019-11,31.25,76.25,1.6360724
2019-11,31.25,78.75,1.4654694
2019-11,31.25,81.25,0.5668503
2019-11,31.25,83.75,0.13195127
2019-11,31.25,86.25,0.041281234
2019-11,31.25,88.75,0.06194794
2019-11,31.25,91.25,0.2177338
2019-11,31.25,93.75,0.47291562
2019-11,31.25,96.25,0.28458285
2019-11,31.25,98.75,0.37254208
2019-11,33.75,71.25,1.7283325
2019-11,33.75,73.75,4.076504
2019-11,33.75,76.25,3.9935865
2019-11,33.75,78.75,1.3754021
2019-11,33.75,81.25,0.41162094
2019-11,33.75,83.75,0.17116956
2019-11,33.75,86.25,0.08697237
2019-11,33.75,88.75,0.101200484
2019-11,33.75,91.25,0.17804146
2019-11,33.75,93.75,0.36415812
2019-11,33.75,96.25,0.4935957
2019-11,33.75,98.75,0.5653744
2019-11,36.25,71.25,2.6703
2019-11,36.25,73.75,3.202409
2019-11,36.25,76.25,2.1211967
2019-11,36.25,78.75,0.49625337
2019-11,36.25,81.25,0.34278846
2019-11,36.25,83.75,0.12662381
2019-11,36.25,86.25,0.07427439
2019-11,36.25,88.75,0.095205076
2019-11,36.25,91.25,0.111595705
2019-11,36.25,93.75,0.11407098
2019-11,36.25,96.25,0.2087117
2019-11,36.25,98.75,0.3171196
2019-11,38.75,71.25,1.4807123
2019-11,38.75,73.75,0.6276854
2019-11,38.75,76.25,0.29404214
2019-11,38.75,78.75,0.20965621
2019-11,38.75,81.25,0.21891934
2019-11,38.75,83.75,0.08428073
2019-11,38.75,86.25,0.11323072
2019-11,38.75,88.75,0.1020665
2019-11,38.75,91.25,0.09896835
2019-11,38.75,93.75,0.11775493
2019-11,38.75,96.25,0.13871798
2019-11,38.75,98.75,0.16578095
2019-11,41.25,71.25,1.2541755
2019-11,41.25,73.75,0.92765975
2019-11,41.25,76.25,0.23256594
2019-11,41.25,78.75,0.16744635
2019-11,41.25,81.25,0.25138143
2019-11,41.25,83.75,0.08455496
2019-11,41.25,86.25,0.08239469
2019-11,41.25,88.75,0.10578297
2019-11,41.25,91.25,0.07840282
2019-11,41.25,93.75,0.10971393
2019-11,41.25,96.25,0.09986159
2019-11,41.25,98.75,0.07362537
2019-11,43.75,71.25,0.5519007
2019-11,43.75,73.75,1.0008056
2019-11,43.75,76.25,0.81797034
2019-11,43.75,78.75,0.8424438
2019-11,43.75,81.25,0.62859154
2019-11,43.75,83.75,0.3373622
2019-11,43.75,86.25,0.6076179
2019-11,43.75,88.75,0.6544432
2019-11,43.75,91.25,0.34254017
2019-11,43.75,93.75,0.11520133
2019-11,43.75,96.25,0.03902182
2019-11,43.75,98.75,0.03527588
2019-11,46.25,71.25,0.42432737
2019-11,46.25,73.75,0.456907
2019-11,46.25,76.25,0.6846691
2019-11,46.25,78.75,1.2779157
2019-11,46.25,81.25,1.2842597
2019-11,46.25,83.75,0.66506195
2019-11,46.25,86.25,0.959917
2019-11,46.25,88.75,0.82302403
2019-11,46.25,91.25,0.46933407
2019-11,46.25,93.75,0.14510375
2019-11,46.25,96.25,0.21949276
2019-11,46.25,98.75,0.1636774
2019-11,48.75,71.25,1.2841082
2019-11,48.75,73.75,1.2662019
2019-11,48.75,76.25,0.8967559
2019-11,48.75,78.75,1.3263512
2019-11,48.75,81.25,1.9496691
2019-11,48.75,83.75,2.1914237
2019-11,48.75,86.25,1.8779669
2019-11,48.75,88.75,0.5064499
2019-11,48.75,91.25,0.18355933
2019-11,48.75,93.75,0.3901658
2019-11,48.75,96.25,0.42802063
2019-11,48.75,98.75,0.32033268
2019-12,26.25,71.25,0.06791864
2019-12,26.25,73.75,0.11344418
2019-12,26.25,76.25,0.22002652
2019-12,26.25,78.75,0.7055005
2019-12,26.25,81.25,1.1245528
2019-12,26.25,83.75,1.0026703
2019-12,26.25,86.25,0.43437117
2019-12,26.25,88.75,0.1276887
2019-12,26.25,91.25,0.027460251
2019-12,26.25,93.75,0.06707191
2019-12,26.25,96.25,0.15015435
2019-12,26.25,98.75,0.21532176
2019-12,28.75,71.25,0.24882385
2019-12,28.75,73.75,0.36481094
2019-12,28.75,76.25,0.48338443
2019-12,28.75,78.75,1.3867669
2019-12,28.75,81.25,2.292629
2019-12,28.75,83.75,1.6704915
2019-12,28.75,86.25,0.63206065
2019-12,28.75,88.75,0.15062502
2019-12,28.75,91.25,0.07155445
2019-12,28.75,93.75,0.13096663
2019-12,28.75,96.25,0.08660062
2019-12,28.75,98.75,0.1539746
2019-12,31.25,71.25,0.2875252
2019-12,31.25,73.75,0.6106487
2019-12,31.25,76.25,1.4089011
2019-12,31.25,78.75,1.6966064
2019-12,31.25,81.25,1.3198357
2019-12,31.25,83.75,1.0981113
2019-12,31.25,86.25,0.34323952
2019-12,31.25,88.75,0.19868737
2019-12,31.25,91.25,0.14135525
2019-12,31.25,93.75,0.19466835
2019-12,31.25,96.25,0.18037379
2019-12,31.25,98.75,0.17161669
2019-12,33.75,71.25,0.08271017
2019-12,33.75,73.75,1.0943048
2019-12,33.75,76.25,1.6650946
2019-12,33.75,78.75,0.7754188
2019-12,33.75,81.25,0.40649796
2019-12,33.75,83.75,0.33299175
2019-12,33.75,86.25,0.3133094
2019-12,33.75,88.75,0.21588244
2019-12,33.75,91.25,0.10353154
2019-12,33.75,93.75,0.1363412
2019-12,33.75,96.25,0.15858725
2019-12,33.75,98.75,0.12758824
2019-12,36.25,71.25,0.3398135
2019-12,36.25,73.75,0.551235
2019-12,36.25,76.25,0.59101695
2019-12,36.25,78.75,0.27029678
2019-12,36.25,81.25,0.2134233
2019-12,36.25,83.75,0.15792143
2019-12,36.25,86.25,0.13040024
2019-12,36.25,88.75,0.09658845
2019-12,36.25,91.25,0.063380264
2019-12,36.25,93.75,0.06837565
2019-12,36.25,96.25,0.063818246
2019-12,36.25,98.75,0.03180504
2019-12,38.75,71.25,0.8761434
2019-12,38.75,73.75,0.42898872
2019-12,38.75,76.25,0.17615145
2019-12,38.75,78.75,0.13755706
2019-12,38.75,81.25,0.098889224
2019-12,38.75,83.75,0.048756666
2019-12,38.75,86.25,0.051908225
2019-12,38.75,88.75,0.04989959
2019-12,38.75,91.25,0.051115353
2019-12,38.75,93.75,0.053622544
2019-12,38.75,96.25,0.09780389
2019-12,38.75,98.75,0.041230954
2019-12,41.25,71.25,1.2939649
2019-12,41.25,73.75,1.0650827
2019-12,41.25,76.25,0.33274683
2019-12,41.25,78.75,0.16651794
2019-12,41.25,81.25,0.14369754
2019-12,41.25,83.75,0.039577957
2019-12,41.25,86.25,0.038821362
2019-12,41.25,88.75,0.020214938
2019-12,41.25,91.25,0.03931423
2019-12,41.25,93.75,0.041486688
2019-12,41.25,96.25,0.05343896
2019-12,41.25,98.75,0.03458949
2019-12,43.75,71.25,0.9504572
2019-12,43.75,73.75,1.5173116
2019-12,43.75,76.25,1.2218648
2019-12,43.75,78.75,1.0368367
2019-12,43.75,81.25,0.6883415
2019-12,43.75,83.75,0.2714237
2019-12,43.75,86.25,0.35355413
2019-12,43.75,88.75,0.31792983
2019-12,43.75,91.25,0.14457087
2019-12,43.75,93.75,0.07606849
2019-12,43.75,96.25,0.011474465
2019-12,43.75,98.75,0.028757744
2019-12,46.25,71.25,1.4986066
2019-12,46.25,73.75,1.4240432
2019-12,46.25,76.25,1.4940298
2019-12,46.25,78.75,1.2767547
2019-12,46.25,81.25,1.7539954
2019-12,46.25,83.75,0.60047746
2019-12,46.25,86.25,0.42632884
2019-12,46.25,88.75,0.4063185
2019-12,46.25,91.25,0.22097024
2019-12,46.25,93.75,0.15793195
2019-12,46.25,96.25,0.1820153
2019-12,46.25,98.75,0.064824596
2019-12,48.75,71.25,1.6057525
2019-12,48.75,73.75,1.4453355
2019-12,48.75,76.25,0.9386139
2019-12,48.75,78.75,1.1269001
2019-12,48.75,81.25,1.9888031
2019-12,48.75,83.75,1.4591186
2019-12,48.75,86.25,0.9763025
2019-12,48.75,88.75,0.32139045
2019-12,48.75,91.25,0.13435547
2019-12,48.75,93.75,0.23216984
2019-12,48.75,96.25,0.31447893
2019-12,48.75,98.75,0.27778104